Carpeta,Tabla,Espectro,Pigmento,Aglutinante,Base de preparación
Tablas1,C1,A100000.asd,Ocre de mina ingles,Aceite de linaza,Carbonato de calcio
Tablas1,C1,A100001.asd,Ocre de mina ingles,Aceite de linaza,Carbonato de calcio
Tablas1,C1,A100002.asd,Ocre de mina ingles,Aceite de linaza,Carbonato de calcio
Tablas1,C1,A200000.asd,Ocre de mina ingles,Yema de huevo,Carbonato de calcio
Tablas1,C1,A200001.asd,Ocre de mina ingles,Yema de huevo,Carbonato de calcio
Tablas1,C1,A200002.asd,Ocre de mina ingles,Yema de huevo,Carbonato de calcio
Tablas1,C1,A300000.asd,Ocre de mina ingles,Yema de huevo y aceite de linaza,Carbonato de calcio
Tablas1,C1,A300001.asd,Ocre de mina ingles,Yema de huevo y aceite de linaza,Carbonato de calcio
Tablas1,C1,A300002.asd,Ocre de mina ingles,Yema de huevo y aceite de linaza,Carbonato de calcio
Tablas1,C1,A400000.asd,Ocre de mina ingles,Cola de conejo,Carbonato de calcio
Tablas1,C1,A400001.asd,Ocre de mina ingles,Cola de conejo,Carbonato de calcio
Tablas1,C1,A400002.asd,Ocre de mina ingles,Cola de conejo,Carbonato de calcio
Tablas1,C1,A500000.asd,Ocre de mina ingles,Almaciga y aceite de linaza,Carbonato de calcio
Tablas1,C1,A500001.asd,Ocre de mina ingles,Almaciga y aceite de linaza,Carbonato de calcio
Tablas1,C1,A500002.asd,Ocre de mina ingles,Almaciga y aceite de linaza,Carbonato de calcio
Tablas2,C1,spectrum00001.asd.txt,Ocre de mina ingles,Aceite de linaza,Carbonato de calcio
Tablas2,C1,spectrum00002.asd.txt,Ocre de mina ingles,Yema de huevo,Carbonato de calcio
Tablas2,C1,spectrum00003.asd.txt,Ocre de mina ingles,Yema de huevo y aceite de linaza,Carbonato de calcio
Tablas2,C1,spectrum00004.asd.txt,Ocre de mina ingles,Cola de conejo,Carbonato de calcio
Tablas2,C1,spectrum00005.asd.txt,Ocre de mina ingles,Almaciga y aceite de linaza,Carbonato de calcio
Tablas1,C1,B100000.asd,Orpimente,Aceite de linaza,Carbonato de calcio
Tablas1,C1,B100001.asd,Orpimente,Aceite de linaza,Carbonato de calcio
Tablas1,C1,B100002.asd,Orpimente,Aceite de linaza,Carbonato de calcio
Tablas1,C1,B200000.asd,Orpimente,Yema de huevo,Carbonato de calcio
Tablas1,C1,B200001.asd,Orpimente,Yema de huevo,Carbonato de calcio
Tablas1,C1,B200002.asd,Orpimente,Yema de huevo,Carbonato de calcio
Tablas1,C1,B300000.asd,Orpimente,Yema de huevo y aceite de linaza,Carbonato de calcio
Tablas1,C1,B300001.asd,Orpimente,Yema de huevo y aceite de linaza,Carbonato de calcio
Tablas1,C1,B300002.asd,Orpimente,Yema de huevo y aceite de linaza,Carbonato de calcio
Tablas1,C1,B400000.asd,Orpimente,Cola de conejo,Carbonato de calcio
Tablas1,C1,B400001.asd,Orpimente,Cola de conejo,Carbonato de calcio
Tablas1,C1,B400002.asd,Orpimente,Cola de conejo,Carbonato de calcio
Tablas1,C1,B500000.asd,Orpimente,Almaciga y aceite de linaza,Carbonato de calcio
Tablas1,C1,B500001.asd,Orpimente,Almaciga y aceite de linaza,Carbonato de calcio
Tablas1,C1,B500002.asd,Orpimente,Almaciga y aceite de linaza,Carbonato de calcio
Tablas2,C1,spectrum00006.asd.txt,Oropimente,Aceite de linaza,Carbonato de calcio
Tablas2,C1,spectrum00007.asd.txt,Oropimente,Yema de huevo,Carbonato de calcio
Tablas2,C1,spectrum00008.asd.txt,Oropimente,Yema de huevo y aceite de linaza,Carbonato de calcio
Tablas2,C1,spectrum00009.asd.txt,Oropimente,Cola de conejo,Carbonato de calcio
Tablas2,C1,spectrum00010.asd.txt,Oropimente,Almaciga y aceite de linaza,Carbonato de calcio
Tablas1,C1,C100000.asd,Amarillo de plomo estaño,Aceite de linaza,Carbonato de calcio
Tablas1,C1,C100001.asd,Amarillo de plomo estaño,Aceite de linaza,Carbonato de calcio
Tablas1,C1,C100002.asd,Amarillo de plomo estaño,Aceite de linaza,Carbonato de calcio
Tablas1,C1,C200000.asd,Amarillo de plomo estaño,Yema de huevo,Carbonato de calcio
Tablas1,C1,C200001.asd,Amarillo de plomo estaño,Yema de huevo,Carbonato de calcio
Tablas1,C1,C200002.asd,Amarillo de plomo estaño,Yema de huevo,Carbonato de calcio
Tablas1,C1,C300000.asd,Amarillo de plomo estaño,Yema de huevo y aceite de linaza,Carbonato de calcio
Tablas1,C1,C300001.asd,Amarillo de plomo estaño,Yema de huevo y aceite de linaza,Carbonato de calcio
Tablas1,C1,C300002.asd,Amarillo de plomo estaño,Yema de huevo y aceite de linaza,Carbonato de calcio
Tablas1,C1,C400000.asd,Amarillo de plomo estaño,Cola de conejo,Carbonato de calcio
Tablas1,C1,C400001.asd,Amarillo de plomo estaño,Cola de conejo,Carbonato de calcio
Tablas1,C1,C400002.asd,Amarillo de plomo estaño,Cola de conejo,Carbonato de calcio
Tablas1,C1,C500000.asd,Amarillo de plomo estaño,Almaciga y aceite de linaza,Carbonato de calcio
Tablas1,C1,C500001.asd,Amarillo de plomo estaño,Almaciga y aceite de linaza,Carbonato de calcio
Tablas1,C1,C500002.asd,Amarillo de plomo estaño,Almaciga y aceite de linaza,Carbonato de calcio
Tablas2,C1,spectrum00011.asd.txt,Amarillo de plomo estaño,Aceite de linaza,Carbonato de calcio
Tablas2,C1,spectrum00012.asd.txt,Amarillo de plomo estaño,Yema de huevo,Carbonato de calcio
Tablas2,C1,spectrum00013.asd.txt,Amarillo de plomo estaño,Yema de huevo y aceite de linaza,Carbonato de calcio
Tablas2,C1,spectrum00014.asd.txt,Amarillo de plomo estaño,Cola de conejo,Carbonato de calcio
Tablas2,C1,spectrum00015.asd.txt,Amarillo de plomo estaño,Almaciga y aceite de linaza,Carbonato de calcio
Tablas1,C1,D100000.asd,Ancorca Sennelier,Aceite de linaza,Carbonato de calcio
Tablas1,C1,D100001.asd,Ancorca Sennelier,Aceite de linaza,Carbonato de calcio
Tablas1,C1,D100002.asd,Ancorca Sennelier,Aceite de linaza,Carbonato de calcio
Tablas1,C1,D200000.asd,Ancorca Sennelier,Yema de huevo,Carbonato de calcio
Tablas1,C1,D200001.asd,Ancorca Sennelier,Yema de huevo,Carbonato de calcio
Tablas1,C1,D200002.asd,Ancorca Sennelier,Yema de huevo,Carbonato de calcio
Tablas1,C1,D300000.asd,Ancorca Sennelier,Yema de huevo y aceite de linaza,Carbonato de calcio
Tablas1,C1,D300001.asd,Ancorca Sennelier,Yema de huevo y aceite de linaza,Carbonato de calcio
Tablas1,C1,D300002.asd,Ancorca Sennelier,Yema de huevo y aceite de linaza,Carbonato de calcio
Tablas1,C1,D400000.asd,Ancorca Sennelier,Cola de conejo,Carbonato de calcio
Tablas1,C1,D400001.asd,Ancorca Sennelier,Cola de conejo,Carbonato de calcio
Tablas1,C1,D400002.asd,Ancorca Sennelier,Cola de conejo,Carbonato de calcio
Tablas1,C1,D500000.asd,Ancorca Sennelier,Almaciga y aceite de linaza,Carbonato de calcio
Tablas1,C1,D500001.asd,Ancorca Sennelier,Almaciga y aceite de linaza,Carbonato de calcio
Tablas1,C1,D500002.asd,Ancorca Sennelier,Almaciga y aceite de linaza,Carbonato de calcio
Tablas2,C1,spectrum00016.asd.txt,Ancorca Sennelier,Aceite de linaza,Carbonato de calcio
Tablas2,C1,spectrum00017.asd.txt,Ancorca Sennelier,Yema de huevo,Carbonato de calcio
Tablas2,C1,spectrum00018.asd.txt,Ancorca Sennelier,Yema de huevo y aceite de linaza,Carbonato de calcio
Tablas2,C1,spectrum00019.asd.txt,Ancorca Sennelier,Cola de conejo,Carbonato de calcio
Tablas2,C1,spectrum00020.asd.txt,Ancorca Sennelier,Almaciga y aceite de linaza,Carbonato de calcio
Tablas1,C1,E100000.asd,Ancorca o gualda Zecchi,Aceite de linaza,Carbonato de calcio
Tablas1,C1,E100001.asd,Ancorca o gualda Zecchi,Aceite de linaza,Carbonato de calcio
Tablas1,C1,E100002.asd,Ancorca o gualda Zecchi,Aceite de linaza,Carbonato de calcio
Tablas1,C1,E200000.asd,Ancorca o gualda Zecchi,Yema de huevo,Carbonato de calcio
Tablas1,C1,E200001.asd,Ancorca o gualda Zecchi,Yema de huevo,Carbonato de calcio
Tablas1,C1,E200002.asd,Ancorca o gualda Zecchi,Yema de huevo,Carbonato de calcio
Tablas1,C1,E300000.asd,Ancorca o gualda Zecchi,Yema de huevo y aceite de linaza,Carbonato de calcio
Tablas1,C1,E300001.asd,Ancorca o gualda Zecchi,Yema de huevo y aceite de linaza,Carbonato de calcio
Tablas1,C1,E300002.asd,Ancorca o gualda Zecchi,Yema de huevo y aceite de linaza,Carbonato de calcio
Tablas1,C1,E400000.asd,Ancorca o gualda Zecchi,Cola de conejo,Carbonato de calcio
Tablas1,C1,E400001.asd,Ancorca o gualda Zecchi,Cola de conejo,Carbonato de calcio
Tablas1,C1,E400002.asd,Ancorca o gualda Zecchi,Cola de conejo,Carbonato de calcio
Tablas1,C1,E500000.asd,Ancorca o gualda Zecchi,Almaciga y aceite de linaza,Carbonato de calcio
Tablas1,C1,E500001.asd,Ancorca o gualda Zecchi,Almaciga y aceite de linaza,Carbonato de calcio
Tablas1,C1,E500002.asd,Ancorca o gualda Zecchi,Almaciga y aceite de linaza,Carbonato de calcio
Tablas2,C1,spectrum00021.asd.txt,Ancorca o gualda Zecchi,Aceite de linaza,Carbonato de calcio
Tablas2,C1,spectrum00022.asd.txt,Ancorca o gualda Zecchi,Yema de huevo,Carbonato de calcio
Tablas2,C1,spectrum00023.asd.txt,Ancorca o gualda Zecchi,Yema de huevo y aceite de linaza,Carbonato de calcio
Tablas2,C1,spectrum00024.asd.txt,Ancorca o gualda Zecchi,Cola de conejo,Carbonato de calcio
Tablas2,C1,spectrum00025.asd.txt,Ancorca o gualda Zecchi,Almaciga y aceite de linaza,Carbonato de calcio
Tablas1,C2,A100006.asd,Ocre claro,Aceite de linaza,Carbonato de calcio
Tablas1,C2,A100007.asd,Ocre claro,Aceite de linaza,Carbonato de calcio
Tablas1,C2,A100008.asd,Ocre claro,Aceite de linaza,Carbonato de calcio
Tablas1,C2,A200000.asd,Ocre claro,Aceite de nuez,Carbonato de calcio
Tablas1,C2,A200001.asd,Ocre claro,Aceite de nuez,Carbonato de calcio
Tablas1,C2,A200002.asd,Ocre claro,Aceite de nuez,Carbonato de calcio
Tablas1,C2,A300000.asd,Ocre claro,Yema de huevo,Carbonato de calcio
Tablas1,C2,A300001.asd,Ocre claro,Yema de huevo,Carbonato de calcio
Tablas1,C2,A300002.asd,Ocre claro,Yema de huevo,Carbonato de calcio
Tablas1,C2,A400000.asd,Ocre claro,Cola de conejo,Carbonato de calcio
Tablas1,C2,A400001.asd,Ocre claro,Cola de conejo,Carbonato de calcio
Tablas1,C2,A400002.asd,Ocre claro,Cola de conejo,Carbonato de calcio
Tablas1,C2,A500000.asd,Ocre claro,Almaciga y aceite de linaza,Carbonato de calcio
Tablas1,C2,A500001.asd,Ocre claro,Almaciga y aceite de linaza,Carbonato de calcio
Tablas1,C2,A500002.asd,Ocre claro,Almaciga y aceite de linaza,Carbonato de calcio
Tablas2,C2,spectrum00001.asd.txt,Ocre claro,Aceite de linaza,Carbonato de calcio
Tablas2,C2,spectrum00002.asd.txt,Ocre claro,Aceite de nuez,Carbonato de calcio
Tablas2,C2,spectrum00003.asd.txt,Ocre claro,Yema de huevo,Carbonato de calcio
Tablas2,C2,spectrum00004.asd.txt,Ocre claro,Cola de conejo,Carbonato de calcio
Tablas2,C2,spectrum00005.asd.txt,Ocre claro,Almaciga y aceite de linaza,Carbonato de calcio
Tablas1,C2,B100000.asd,Sombra tostada de Chipre,Aceite de linaza,Carbonato de calcio
Tablas1,C2,B100001.asd,Sombra tostada de Chipre,Aceite de linaza,Carbonato de calcio
Tablas1,C2,B100002.asd,Sombra tostada de Chipre,Aceite de linaza,Carbonato de calcio
Tablas1,C2,B200000.asd,Sombra tostada de Chipre,Aceite de nuez,Carbonato de calcio
Tablas1,C2,B200001.asd,Sombra tostada de Chipre,Aceite de nuez,Carbonato de calcio
Tablas1,C2,B200002.asd,Sombra tostada de Chipre,Aceite de nuez,Carbonato de calcio
Tablas1,C2,B300000.asd,Sombra tostada de Chipre,Yema de huevo,Carbonato de calcio
Tablas1,C2,B300001.asd,Sombra tostada de Chipre,Yema de huevo,Carbonato de calcio
Tablas1,C2,B300002.asd,Sombra tostada de Chipre,Yema de huevo,Carbonato de calcio
Tablas1,C2,B400000.asd,Sombra tostada de Chipre,Cola de conejo,Carbonato de calcio
Tablas1,C2,B400001.asd,Sombra tostada de Chipre,Cola de conejo,Carbonato de calcio
Tablas1,C2,B400002.asd,Sombra tostada de Chipre,Cola de conejo,Carbonato de calcio
Tablas1,C2,B500000.asd,Sombra tostada de Chipre,Almaciga y aceite de linaza,Carbonato de calcio
Tablas1,C2,B500001.asd,Sombra tostada de Chipre,Almaciga y aceite de linaza,Carbonato de calcio
Tablas1,C2,B500002.asd,Sombra tostada de Chipre,Almaciga y aceite de linaza,Carbonato de calcio
Tablas2,C2,spectrum00006.asd.txt,Sombra tostada de Chipre,Aceite de linaza,Carbonato de calcio
Tablas2,C2,spectrum00007.asd.txt,Sombra tostada de Chipre,Aceite de nuez,Carbonato de calcio
Tablas2,C2,spectrum00008.asd.txt,Sombra tostada de Chipre,Yema de huevo,Carbonato de calcio
Tablas2,C2,spectrum00009.asd.txt,Sombra tostada de Chipre,Cola de conejo,Carbonato de calcio
Tablas2,C2,spectrum00010.asd.txt,Sombra tostada de Chipre,Almaciga y aceite de linaza,Carbonato de calcio
Tablas1,C2,C100000.asd,Ocre oscuro Siena,Aceite de linaza,Carbonato de calcio
Tablas1,C2,C100001.asd,Ocre oscuro Siena,Aceite de linaza,Carbonato de calcio
Tablas1,C2,C100002.asd,Ocre oscuro Siena,Aceite de linaza,Carbonato de calcio
Tablas1,C2,C200000.asd,Ocre oscuro Siena,Aceite de nuez,Carbonato de calcio
Tablas1,C2,C200001.asd,Ocre oscuro Siena,Aceite de nuez,Carbonato de calcio
Tablas1,C2,C200002.asd,Ocre oscuro Siena,Aceite de nuez,Carbonato de calcio
Tablas1,C2,C300000.asd,Ocre oscuro Siena,Yema de huevo,Carbonato de calcio
Tablas1,C2,C300001.asd,Ocre oscuro Siena,Yema de huevo,Carbonato de calcio
Tablas1,C2,C300002.asd,Ocre oscuro Siena,Yema de huevo,Carbonato de calcio
Tablas1,C2,C400000.asd,Ocre oscuro Siena,Cola de conejo,Carbonato de calcio
Tablas1,C2,C400001.asd,Ocre oscuro Siena,Cola de conejo,Carbonato de calcio
Tablas1,C2,C400002.asd,Ocre oscuro Siena,Cola de conejo,Carbonato de calcio
Tablas1,C2,C500000.asd,Ocre oscuro Siena,Almaciga y aceite de linaza,Carbonato de calcio
Tablas1,C2,C500001.asd,Ocre oscuro Siena,Almaciga y aceite de linaza,Carbonato de calcio
Tablas1,C2,C500002.asd,Ocre oscuro Siena,Almaciga y aceite de linaza,Carbonato de calcio
Tablas2,C2,spectrum00011.asd.txt,Ocre oscuro Siena,Aceite de linaza,Carbonato de calcio
Tablas2,C2,spectrum00012.asd.txt,Ocre oscuro Siena,Aceite de nuez,Carbonato de calcio
Tablas2,C2,spectrum00013.asd.txt,Ocre oscuro Siena,Yema de huevo,Carbonato de calcio
Tablas2,C2,spectrum00014.asd.txt,Ocre oscuro Siena,Cola de conejo,Carbonato de calcio
Tablas2,C2,spectrum00015.asd.txt,Ocre oscuro Siena,Almaciga y aceite de linaza,Carbonato de calcio
Tablas1,C2,D100000.asd,Siena tostada,Aceite de linaza,Carbonato de calcio
Tablas1,C2,D100001.asd,Siena tostada,Aceite de linaza,Carbonato de calcio
Tablas1,C2,D100002.asd,Siena tostada,Aceite de linaza,Carbonato de calcio
Tablas1,C2,D200000.asd,Siena tostada,Aceite de nuez,Carbonato de calcio
Tablas1,C2,D200001.asd,Siena tostada,Aceite de nuez,Carbonato de calcio
Tablas1,C2,D200002.asd,Siena tostada,Aceite de nuez,Carbonato de calcio
Tablas1,C2,D300000.asd,Siena tostada,Yema de huevo,Carbonato de calcio
Tablas1,C2,D300001.asd,Siena tostada,Yema de huevo,Carbonato de calcio
Tablas1,C2,D300002.asd,Siena tostada,Yema de huevo,Carbonato de calcio
Tablas1,C2,D400000.asd,Siena tostada,Cola de conejo,Carbonato de calcio
Tablas1,C2,D400001.asd,Siena tostada,Cola de conejo,Carbonato de calcio
Tablas1,C2,D400002.asd,Siena tostada,Cola de conejo,Carbonato de calcio
Tablas1,C2,D500000.asd,Siena tostada,Almaciga y aceite de linaza,Carbonato de calcio
Tablas1,C2,D500001.asd,Siena tostada,Almaciga y aceite de linaza,Carbonato de calcio
Tablas1,C2,D500002.asd,Siena tostada,Almaciga y aceite de linaza,Carbonato de calcio
Tablas2,C2,spectrum00016.asd.txt,Siena tostada,Aceite de linaza,Carbonato de calcio
Tablas2,C2,spectrum00017.asd.txt,Siena tostada,Aceite de nuez,Carbonato de calcio
Tablas2,C2,spectrum00018.asd.txt,Siena tostada,Yema de huevo,Carbonato de calcio
Tablas2,C2,spectrum00019.asd.txt,Siena tostada,Cola de conejo,Carbonato de calcio
Tablas2,C2,spectrum00020.asd.txt,Siena tostada,Almaciga y aceite de linaza,Carbonato de calcio
Tablas1,C2,E100000.asd,Betún de Judea,Aceite de linaza,Carbonato de calcio
Tablas1,C2,E100001.asd,Betún de Judea,Aceite de linaza,Carbonato de calcio
Tablas1,C2,E100002.asd,Betún de Judea,Aceite de linaza,Carbonato de calcio
Tablas1,C2,E200000.asd,Betún de Judea,Aceite de nuez,Carbonato de calcio
Tablas1,C2,E200001.asd,Betún de Judea,Aceite de nuez,Carbonato de calcio
Tablas1,C2,E200002.asd,Betún de Judea,Aceite de nuez,Carbonato de calcio
Tablas1,C2,E300000.asd,Betún de Judea,Yema de huevo,Carbonato de calcio
Tablas1,C2,E300001.asd,Betún de Judea,Yema de huevo,Carbonato de calcio
Tablas1,C2,E300002.asd,Betún de Judea,Yema de huevo,Carbonato de calcio
Tablas1,C2,E400000.asd,Betún de Judea,Cola de conejo,Carbonato de calcio
Tablas1,C2,E400001.asd,Betún de Judea,Cola de conejo,Carbonato de calcio
Tablas1,C2,E400002.asd,Betún de Judea,Cola de conejo,Carbonato de calcio
Tablas1,C2,E500000.asd,Betún de Judea,Almaciga y aceite de linaza,Carbonato de calcio
Tablas1,C2,E500001.asd,Betún de Judea,Almaciga y aceite de linaza,Carbonato de calcio
Tablas1,C2,E500002.asd,Betún de Judea,Almaciga y aceite de linaza,Carbonato de calcio
Tablas2,C2,spectrum00021.asd.txt,Betún de Judea,Aceite de linaza,Carbonato de calcio
Tablas2,C2,spectrum00022.asd.txt,Betún de Judea,Aceite de nuez,Carbonato de calcio
Tablas2,C2,spectrum00023.asd.txt,Betún de Judea,Yema de huevo,Carbonato de calcio
Tablas2,C2,spectrum00024.asd.txt,Betún de Judea,Cola de conejo,Carbonato de calcio
Tablas2,C2,spectrum00025.asd.txt,Betún de Judea,Almaciga y aceite de linaza,Carbonato de calcio
Tablas1,C3,A100003.asd,Cinabrio,Aceite de linaza,Carbonato de calcio
Tablas1,C3,A100004.asd,Cinabrio,Aceite de linaza,Carbonato de calcio
Tablas1,C3,A100005.asd,Cinabrio,Aceite de linaza,Carbonato de calcio
Tablas1,C3,A200000.asd,Cinabrio,Aceite de nuez,Carbonato de calcio
Tablas1,C3,A200001.asd,Cinabrio,Aceite de nuez,Carbonato de calcio
Tablas1,C3,A200002.asd,Cinabrio,Aceite de nuez,Carbonato de calcio
Tablas1,C3,A300000.asd,Cinabrio,Yema de huevo y aceite de linaza,Carbonato de calcio
Tablas1,C3,A300001.asd,Cinabrio,Yema de huevo y aceite de linaza,Carbonato de calcio
Tablas1,C3,A300002.asd,Cinabrio,Yema de huevo y aceite de linaza,Carbonato de calcio
Tablas1,C3,A400000.asd,Cinabrio,Cola de conejo,Carbonato de calcio
Tablas1,C3,A400001.asd,Cinabrio,Cola de conejo,Carbonato de calcio
Tablas1,C3,A400002.asd,Cinabrio,Cola de conejo,Carbonato de calcio
Tablas1,C3,A500000.asd,Cinabrio,Almáciga y aceite de linaza,Carbonato de calcio
Tablas1,C3,A500001.asd,Cinabrio,Almáciga y aceite de linaza,Carbonato de calcio
Tablas1,C3,A500002.asd,Cinabrio,Almáciga y aceite de linaza,Carbonato de calcio
Tablas1,C3,B100000.asd,Almagre,Aceite de linaza,Carbonato de calcio
Tablas1,C3,B100001.asd,Almagre,Aceite de linaza,Carbonato de calcio
Tablas1,C3,B100002.asd,Almagre,Aceite de linaza,Carbonato de calcio
Tablas1,C3,B200000.asd,Almagre,Aceite de nuez,Carbonato de calcio
Tablas1,C3,B200001.asd,Almagre,Aceite de nuez,Carbonato de calcio
Tablas1,C3,B200002.asd,Almagre,Aceite de nuez,Carbonato de calcio
Tablas1,C3,B300000.asd,Almagre,Yema de huevo y aceite de linaza,Carbonato de calcio
Tablas1,C3,B300001.asd,Almagre,Yema de huevo y aceite de linaza,Carbonato de calcio
Tablas1,C3,B300002.asd,Almagre,Yema de huevo y aceite de linaza,Carbonato de calcio
Tablas1,C3,B400000.asd,Almagre,Cola de conejo,Carbonato de calcio
Tablas1,C3,B400001.asd,Almagre,Cola de conejo,Carbonato de calcio
Tablas1,C3,B400002.asd,Almagre,Cola de conejo,Carbonato de calcio
Tablas1,C3,B500000.asd,Almagre,Almáciga y aceite de linaza,Carbonato de calcio
Tablas1,C3,B500001.asd,Almagre,Almáciga y aceite de linaza,Carbonato de calcio
Tablas1,C3,B500002.asd,Almagre,Almáciga y aceite de linaza,Carbonato de calcio
Tablas1,C3,C100000.asd,Ocre de mina inglés,Aceite de linaza,Carbonato de calcio
Tablas1,C3,C100001.asd,Ocre de mina inglés,Aceite de linaza,Carbonato de calcio
Tablas1,C3,C100002.asd,Ocre de mina inglés,Aceite de linaza,Carbonato de calcio
Tablas1,C3,C200000.asd,Ocre de mina inglés,Aceite de nuez,Carbonato de calcio
Tablas1,C3,C200001.asd,Ocre de mina inglés,Aceite de nuez,Carbonato de calcio
Tablas1,C3,C200002.asd,Ocre de mina inglés,Aceite de nuez,Carbonato de calcio
Tablas1,C3,C300000.asd,Ocre de mina inglés,Yema de huevo y aceite de linaza,Carbonato de calcio
Tablas1,C3,C300001.asd,Ocre de mina inglés,Yema de huevo y aceite de linaza,Carbonato de calcio
Tablas1,C3,C300002.asd,Ocre de mina inglés,Yema de huevo y aceite de linaza,Carbonato de calcio
Tablas1,C3,C400000.asd,Ocre de mina inglés,Cola de conejo,Carbonato de calcio
Tablas1,C3,C400001.asd,Ocre de mina inglés,Cola de conejo,Carbonato de calcio
Tablas1,C3,C400002.asd,Ocre de mina inglés,Cola de conejo,Carbonato de calcio
Tablas1,C3,C500000.asd,Ocre de mina inglés,Almáciga y aceite de linaza,Carbonato de calcio
Tablas1,C3,C500001.asd,Ocre de mina inglés,Almáciga y aceite de linaza,Carbonato de calcio
Tablas1,C3,C500002.asd,Ocre de mina inglés,Almáciga y aceite de linaza,Carbonato de calcio
Tablas1,C3,D100000.asd,Carmín de cochinilla,Aceite de linaza,Carbonato de calcio
Tablas1,C3,D100001.asd,Carmín de cochinilla,Aceite de linaza,Carbonato de calcio
Tablas1,C3,D100002.asd,Carmín de cochinilla,Aceite de linaza,Carbonato de calcio
Tablas1,C3,D100003.asd,Carmín de cochinilla,Aceite de linaza,Carbonato de calcio
Tablas1,C3,D200000.asd,Carmín de cochinilla,Aceite de nuez,Carbonato de calcio
Tablas1,C3,D200001.asd,Carmín de cochinilla,Aceite de nuez,Carbonato de calcio
Tablas1,C3,D200002.asd,Carmín de cochinilla,Aceite de nuez,Carbonato de calcio
Tablas1,C3,D300000.asd,Carmín de cochinilla,Yema de huevo y aceite de linaza,Carbonato de calcio
Tablas1,C3,D300001.asd,Carmín de cochinilla,Yema de huevo y aceite de linaza,Carbonato de calcio
Tablas1,C3,D300002.asd,Carmín de cochinilla,Yema de huevo y aceite de linaza,Carbonato de calcio
Tablas1,C3,D400000.asd,Carmín de cochinilla,Cola de conejo,Carbonato de calcio
Tablas1,C3,D400001.asd,Carmín de cochinilla,Cola de conejo,Carbonato de calcio
Tablas1,C3,D400002.asd,Carmín de cochinilla,Cola de conejo,Carbonato de calcio
Tablas1,C3,D500000.asd,Carmín de cochinilla,Almáciga y aceite de linaza,Carbonato de calcio
Tablas1,C3,D500001.asd,Carmín de cochinilla,Almáciga y aceite de linaza,Carbonato de calcio
Tablas1,C3,D500002.asd,Carmín de cochinilla,Almáciga y aceite de linaza,Carbonato de calcio
Tablas1,C3,E100000.asd,Ocre de mina inglés,Aceite de linaza,Carbonato de calcio
Tablas1,C3,E100001.asd,Ocre de mina inglés,Aceite de linaza,Carbonato de calcio
Tablas1,C3,E100002.asd,Ocre de mina inglés,Aceite de linaza,Carbonato de calcio
Tablas1,C3,E200000.asd,Ocre de mina inglés,Aceite de nuez,Carbonato de calcio
Tablas1,C3,E200001.asd,Ocre de mina inglés,Aceite de nuez,Carbonato de calcio
Tablas1,C3,E200002.asd,Ocre de mina inglés,Aceite de nuez,Carbonato de calcio
Tablas1,C3,E300000.asd,Ocre de mina inglés,Yema de huevo,Carbonato de calcio
Tablas1,C3,E300001.asd,Ocre de mina inglés,Yema de huevo,Carbonato de calcio
Tablas1,C3,E300002.asd,Ocre de mina inglés,Yema de huevo,Carbonato de calcio
Tablas1,C3,E400000.asd,Ocre de mina inglés,Cola de conejo,Carbonato de calcio
Tablas1,C3,E400001.asd,Ocre de mina inglés,Cola de conejo,Carbonato de calcio
Tablas1,C3,E400002.asd,Ocre de mina inglés,Cola de conejo,Carbonato de calcio
Tablas1,C3,E500000.asd,Ocre de mina inglés,Almáciga y aceite de linaza,Carbonato de calcio
Tablas1,C3,E500001.asd,Ocre de mina inglés,Almáciga y aceite de linaza,Carbonato de calcio
Tablas1,C3,E500002.asd,Ocre de mina inglés,Almáciga y aceite de linaza,Carbonato de calcio
Tablas1,C4,A100003.asd,Rejalgar,Aceite de linaza,Carbonato de calcio
Tablas1,C4,A100004.asd,Rejalgar,Aceite de linaza,Carbonato de calcio
Tablas1,C4,A100005.asd,Rejalgar,Aceite de linaza,Carbonato de calcio
Tablas1,C4,A200000.asd,Rejalgar,Yema de huevo,Carbonato de calcio
Tablas1,C4,A200001.asd,Rejalgar,Yema de huevo,Carbonato de calcio
Tablas1,C4,A200002.asd,Rejalgar,Yema de huevo,Carbonato de calcio
Tablas1,C4,A300000.asd,Rejalgar,Yema de huevo y aceite de linaza,Carbonato de calcio
Tablas1,C4,A300001.asd,Rejalgar,Yema de huevo y aceite de linaza,Carbonato de calcio
Tablas1,C4,A300002.asd,Rejalgar,Yema de huevo y aceite de linaza,Carbonato de calcio
Tablas1,C4,A400000.asd,Rejalgar,Cola de conejo,Carbonato de calcio
Tablas1,C4,A400001.asd,Rejalgar,Cola de conejo,Carbonato de calcio
Tablas1,C4,A400002.asd,Rejalgar,Cola de conejo,Carbonato de calcio
Tablas1,C4,A500000.asd,Rejalgar,Almáciga y aceite de linaza,Carbonato de calcio
Tablas1,C4,A500001.asd,Rejalgar,Almáciga y aceite de linaza,Carbonato de calcio
Tablas1,C4,A500002.asd,Rejalgar,Almáciga y aceite de linaza,Carbonato de calcio
Tablas2,C4,spectrum00001.asd.txt,Rejalgar,Aceite de linaza,Carbonato de calcio
Tablas2,C4,spectrum00002.asd.txt,Rejalgar,Yema de huevo,Carbonato de calcio
Tablas2,C4,spectrum00003.asd.txt,Rejalgar,Yema de huevo y aceite de linaza,Carbonato de calcio
Tablas2,C4,spectrum00004.asd.txt,Rejalgar,Cola de conejo,Carbonato de calcio
Tablas2,C4,spectrum00005.asd.txt,Rejalgar,Almáciga y aceite de linaza,Carbonato de calcio
Tablas1,C4,B100000.asd,Azurita,Aceite de linaza,Carbonato de calcio
Tablas1,C4,B100001.asd,Azurita,Aceite de linaza,Carbonato de calcio
Tablas1,C4,B100002.asd,Azurita,Aceite de linaza,Carbonato de calcio
Tablas1,C4,B200000.asd,Azurita,Yema de huevo,Carbonato de calcio
Tablas1,C4,B200001.asd,Azurita,Yema de huevo,Carbonato de calcio
Tablas1,C4,B200002.asd,Azurita,Yema de huevo,Carbonato de calcio
Tablas1,C4,B300000.asd,Azurita,Yema de huevo y aceite de linaza,Carbonato de calcio
Tablas1,C4,B300001.asd,Azurita,Yema de huevo y aceite de linaza,Carbonato de calcio
Tablas1,C4,B300002.asd,Azurita,Yema de huevo y aceite de linaza,Carbonato de calcio
Tablas1,C4,B400000.asd,Azurita,Cola de conejo,Carbonato de calcio
Tablas1,C4,B400001.asd,Azurita,Cola de conejo,Carbonato de calcio
Tablas1,C4,B400002.asd,Azurita,Cola de conejo,Carbonato de calcio
Tablas1,C4,B500000.asd,Azurita,Almáciga y aceite de linaza,Carbonato de calcio
Tablas1,C4,B500001.asd,Azurita,Almáciga y aceite de linaza,Carbonato de calcio
Tablas1,C4,B500002.asd,Azurita,Almáciga y aceite de linaza,Carbonato de calcio
Tablas2,C4,spectrum00006.asd.txt,Azurita,Aceite de linaza,Carbonato de calcio
Tablas2,C4,spectrum00007.asd.txt,Azurita,Yema de huevo,Carbonato de calcio
Tablas2,C4,spectrum00008.asd.txt,Azurita,Yema de huevo y aceite de linaza,Carbonato de calcio
Tablas2,C4,spectrum00009.asd.txt,Azurita,Cola de conejo,Carbonato de calcio
Tablas2,C4,spectrum00010.asd.txt,Azurita,Almáciga y aceite de linaza,Carbonato de calcio
Tablas1,C4,C100000.asd,Esmalte,Aceite de linaza,Carbonato de calcio
Tablas1,C4,C100001.asd,Esmalte,Aceite de linaza,Carbonato de calcio
Tablas1,C4,C100002.asd,Esmalte,Aceite de linaza,Carbonato de calcio
Tablas1,C4,C200000.asd,Esmalte,Yema de huevo,Carbonato de calcio
Tablas1,C4,C200001.asd,Esmalte,Yema de huevo,Carbonato de calcio
Tablas1,C4,C200002.asd,Esmalte,Yema de huevo,Carbonato de calcio
Tablas1,C4,C300000.asd,Esmalte,Yema de huevo y aceite de linaza,Carbonato de calcio
Tablas1,C4,C300001.asd,Esmalte,Yema de huevo y aceite de linaza,Carbonato de calcio
Tablas1,C4,C300002.asd,Esmalte,Yema de huevo y aceite de linaza,Carbonato de calcio
Tablas1,C4,C400000.asd,Esmalte,Cola de conejo,Carbonato de calcio
Tablas1,C4,C400001.asd,Esmalte,Cola de conejo,Carbonato de calcio
Tablas1,C4,C400002.asd,Esmalte,Cola de conejo,Carbonato de calcio
Tablas1,C4,C500000.asd,Esmalte,Almáciga y aceite de linaza,Carbonato de calcio
Tablas1,C4,C500001.asd,Esmalte,Almáciga y aceite de linaza,Carbonato de calcio
Tablas1,C4,C500002.asd,Esmalte,Almáciga y aceite de linaza,Carbonato de calcio
Tablas2,C4,spectrum00011.asd.txt,Esmalte,Aceite de linaza,Carbonato de calcio
Tablas2,C4,spectrum00012.asd.txt,Esmalte,Yema de huevo,Carbonato de calcio
Tablas2,C4,spectrum00013.asd.txt,Esmalte,Yema de huevo y aceite de linaza,Carbonato de calcio
Tablas2,C4,spectrum00014.asd.txt,Esmalte,Cola de conejo,Carbonato de calcio
Tablas2,C4,spectrum00015.asd.txt,Esmalte,Almáciga y aceite de linaza,Carbonato de calcio
Tablas1,C4,D100000.asd,Lapislázuli,Aceite de linaza,Carbonato de calcio
Tablas1,C4,D100001.asd,Lapislázuli,Aceite de linaza,Carbonato de calcio
Tablas1,C4,D100002.asd,Lapislázuli,Aceite de linaza,Carbonato de calcio
Tablas1,C4,D200000.asd,Lapislázuli,Yema de huevo,Carbonato de calcio
Tablas1,C4,D200001.asd,Lapislázuli,Yema de huevo,Carbonato de calcio
Tablas1,C4,D200002.asd,Lapislázuli,Yema de huevo,Carbonato de calcio
Tablas1,C4,D300000.asd,Lapislázuli,Yema de huevo y aceite de linaza,Carbonato de calcio
Tablas1,C4,D300001.asd,Lapislázuli,Yema de huevo y aceite de linaza,Carbonato de calcio
Tablas1,C4,D300002.asd,Lapislázuli,Yema de huevo y aceite de linaza,Carbonato de calcio
Tablas1,C4,D400000.asd,Lapislázuli,Cola de conejo,Carbonato de calcio
Tablas1,C4,D400001.asd,Lapislázuli,Cola de conejo,Carbonato de calcio
Tablas1,C4,D400002.asd,Lapislázuli,Cola de conejo,Carbonato de calcio
Tablas1,C4,D500000.asd,Lapislázuli,Almáciga y aceite de linaza,Carbonato de calcio
Tablas1,C4,D500001.asd,Lapislázuli,Almáciga y aceite de linaza,Carbonato de calcio
Tablas1,C4,D500002.asd,Lapislázuli,Almáciga y aceite de linaza,Carbonato de calcio
Tablas2,C4,spectrum00016.asd.txt,Lapislázuli,Aceite de linaza,Carbonato de calcio
Tablas2,C4,spectrum00017.asd.txt,Lapislázuli,Yema de huevo,Carbonato de calcio
Tablas2,C4,spectrum00018.asd.txt,Lapislázuli,Yema de huevo y aceite de linaza,Carbonato de calcio
Tablas2,C4,spectrum00019.asd.txt,Lapislázuli,Cola de conejo,Carbonato de calcio
Tablas2,C4,spectrum00020.asd.txt,Lapislázuli,Almáciga y aceite de linaza,Carbonato de calcio
Tablas1,C4,E100000.asd,Índigo o añil,Aceite de linaza,Carbonato de calcio
Tablas1,C4,E100001.asd,Índigo o añil,Aceite de linaza,Carbonato de calcio
Tablas1,C4,E100002.asd,Índigo o añil,Aceite de linaza,Carbonato de calcio
Tablas1,C4,E200000.asd,Índigo o añil,Yema de huevo,Carbonato de calcio
Tablas1,C4,E200001.asd,Índigo o añil,Yema de huevo,Carbonato de calcio
Tablas1,C4,E200002.asd,Índigo o añil,Yema de huevo,Carbonato de calcio
Tablas1,C4,E300000.asd,Índigo o añil,Yema de huevo y aceite de linaza,Carbonato de calcio
Tablas1,C4,E300001.asd,Índigo o añil,Yema de huevo y aceite de linaza,Carbonato de calcio
Tablas1,C4,E300002.asd,Índigo o añil,Yema de huevo y aceite de linaza,Carbonato de calcio
Tablas1,C4,E400000.asd,Índigo o añil,Cola de conejo,Carbonato de calcio
Tablas1,C4,E400001.asd,Índigo o añil,Cola de conejo,Carbonato de calcio
Tablas1,C4,E400002.asd,Índigo o añil,Cola de conejo,Carbonato de calcio
Tablas1,C4,E500000.asd,Índigo o añil,Almáciga y aceite de linaza,Carbonato de calcio
Tablas1,C4,E500001.asd,Índigo o añil,Almáciga y aceite de linaza,Carbonato de calcio
Tablas1,C4,E500002.asd,Índigo o añil,Almáciga y aceite de linaza,Carbonato de calcio
Tablas2,C4,spectrum00021.asd.txt,Índigo o añil,Aceite de linaza,Carbonato de calcio
Tablas2,C4,spectrum00022.asd.txt,Índigo o añil,Yema de huevo,Carbonato de calcio
Tablas2,C4,spectrum00023.asd.txt,Índigo o añil,Yema de huevo y aceite de linaza,Carbonato de calcio
Tablas2,C4,spectrum00024.asd.txt,Índigo o añil,Cola de conejo,Carbonato de calcio
Tablas2,C4,spectrum00025.asd.txt,Índigo o añil,Almáciga y aceite de linaza,Carbonato de calcio
Tablas2,C5,spectrum00001.asd.txt,Acetato básico de cobre,Aceite de linaza,Carbonato de calcio
Tablas2,C5,spectrum00002.asd.txt,Acetato básico de cobre,Aceite de nuez,Carbonato de calcio
Tablas2,C5,spectrum00003.asd.txt,Acetato básico de cobre,Yema de huevo y aceite de linaza,Carbonato de calcio
Tablas2,C5,spectrum00004.asd.txt,Acetato básico de cobre,Cola de conejo,Carbonato de calcio
Tablas2,C5,spectrum00005.asd.txt,Acetato básico de cobre,Almáciga y aceite de linaza,Carbonato de calcio
Tablas2,C5,spectrum00006.asd.txt,Malaquita africana,Aceite de linaza,Carbonato de calcio
Tablas2,C5,spectrum00007.asd.txt,Malaquita africana,Aceite de nuez,Carbonato de calcio
Tablas2,C5,spectrum00008.asd.txt,Malaquita africana,Yema de huevo y aceite de linaza,Carbonato de calcio
Tablas2,C5,spectrum00009.asd.txt,Malaquita africana,Cola de conejo,Carbonato de calcio
Tablas2,C5,spectrum00010.asd.txt,Malaquita africana,Almáciga y aceite de linaza,Carbonato de calcio
Tablas2,C5,spectrum00011.asd.txt,Tierra verde de Verona,Aceite de linaza,Carbonato de calcio
Tablas2,C5,spectrum00012.asd.txt,Tierra verde de Verona,Aceite de nuez,Carbonato de calcio
Tablas2,C5,spectrum00013.asd.txt,Tierra verde de Verona,Yema de huevo y aceite de linaza,Carbonato de calcio
Tablas2,C5,spectrum00014.asd.txt,Tierra verde de Verona,Cola de conejo,Carbonato de calcio
Tablas2,C5,spectrum00015.asd.txt,Tierra verde de Verona,Almáciga y aceite de linaza,Carbonato de calcio
Tablas2,C5,spectrum00016.asd.txt,Negro de huesos,Aceite de linaza,Carbonato de calcio
Tablas2,C5,spectrum00017.asd.txt,Negro de huesos,Aceite de nuez,Carbonato de calcio
Tablas2,C5,spectrum00018.asd.txt,Negro de huesos,Yema de huevo y aceite de linaza,Carbonato de calcio
Tablas2,C5,spectrum00019.asd.txt,Negro de huesos,Cola de conejo,Carbonato de calcio
Tablas2,C5,spectrum00020.asd.txt,Negro de huesos,Almáciga y aceite de linaza,Carbonato de calcio
Tablas2,C5,spectrum00021.asd.txt,Negro de humo,Aceite de linaza,Carbonato de calcio
Tablas2,C5,spectrum00022.asd.txt,Negro de humo,Aceite de nuez,Carbonato de calcio
Tablas2,C5,spectrum00023.asd.txt,Negro de humo,Yema de huevo y aceite de linaza,Carbonato de calcio
Tablas2,C5,spectrum00024.asd.txt,Negro de humo,Cola de conejo,Carbonato de calcio
Tablas2,C5,spectrum00025.asd.txt,Negro de humo,Almáciga y aceite de linaza,Carbonato de calcio
Tablas1,C6,A100000.asd,Bermellon,Copal,Carbonato de calcio
Tablas1,C6,A100001.asd,Bermellon,Copal,Carbonato de calcio
Tablas1,C6,A100002.asd,Bermellon,Copal,Carbonato de calcio
Tablas1,C6,A200000.asd,Bermellon,Almáciga,Carbonato de calcio
Tablas1,C6,A200001.asd,Bermellon,Almáciga,Carbonato de calcio
Tablas1,C6,A200002.asd,Bermellon,Almáciga,Carbonato de calcio
Tablas1,C6,A300000.asd,Bermellon,Colofonia,Carbonato de calcio
Tablas1,C6,A300001.asd,Bermellon,Colofonia,Carbonato de calcio
Tablas1,C6,A300002.asd,Bermellon,Colofonia,Carbonato de calcio
Tablas1,C6,A400000.asd,Bermellon,Sandaraca,Carbonato de calcio
Tablas1,C6,A400001.asd,Bermellon,Sandaraca,Carbonato de calcio
Tablas1,C6,A400002.asd,Bermellon,Sandaraca,Carbonato de calcio
Tablas1,C6,A500000.asd,Bermellon,,Carbonato de calcio
Tablas1,C6,A500001.asd,Bermellon,,Carbonato de calcio
Tablas1,C6,A500002.asd,Bermellon,,Carbonato de calcio
Tablas2,C6,spectrum00001.asd.txt,Bermellon,Copal,Carbonato de calcio
Tablas2,C6,spectrum00002.asd.txt,Bermellon,Almáciga,Carbonato de calcio
Tablas2,C6,spectrum00003.asd.txt,Bermellon,Colofonia,Carbonato de calcio
Tablas2,C6,spectrum00004.asd.txt,Bermellon,Sandaraca,Carbonato de calcio
Tablas2,C6,spectrum00005.asd.txt,Bermellon,,Carbonato de calcio
Tablas1,C6,B100000.asd,Cochinilla,Copal,Carbonato de calcio
Tablas1,C6,B100001.asd,Cochinilla,Copal,Carbonato de calcio
Tablas1,C6,B100002.asd,Cochinilla,Copal,Carbonato de calcio
Tablas1,C6,B200000.asd,Cochinilla,Almáciga,Carbonato de calcio
Tablas1,C6,B200001.asd,Cochinilla,Almáciga,Carbonato de calcio
Tablas1,C6,B200002.asd,Cochinilla,Almáciga,Carbonato de calcio
Tablas1,C6,B300000.asd,Cochinilla,Colofonia,Carbonato de calcio
Tablas1,C6,B300001.asd,Cochinilla,Colofonia,Carbonato de calcio
Tablas1,C6,B300002.asd,Cochinilla,Colofonia,Carbonato de calcio
Tablas1,C6,B400000.asd,Cochinilla,Sandaraca,Carbonato de calcio
Tablas1,C6,B400001.asd,Cochinilla,Sandaraca,Carbonato de calcio
Tablas1,C6,B400002.asd,Cochinilla,Sandaraca,Carbonato de calcio
Tablas1,C6,B500000.asd,Cochinilla,,Carbonato de calcio
Tablas1,C6,B500001.asd,Cochinilla,,Carbonato de calcio
Tablas1,C6,B500002.asd,Cochinilla,,Carbonato de calcio
Tablas2,C6,spectrum00006.asd.txt,Cochinilla,Copal,Carbonato de calcio
Tablas2,C6,spectrum00007.asd.txt,Cochinilla,Almáciga,Carbonato de calcio
Tablas2,C6,spectrum00008.asd.txt,Cochinilla,Colofonia,Carbonato de calcio
Tablas2,C6,spectrum00009.asd.txt,Cochinilla,Sandaraca,Carbonato de calcio
Tablas2,C6,spectrum00010.asd.txt,Cochinilla,,Carbonato de calcio
Tablas1,C6,C100000.asd,Azurita,Copal,Carbonato de calcio
Tablas1,C6,C100001.asd,Azurita,Copal,Carbonato de calcio
Tablas1,C6,C100002.asd,Azurita,Copal,Carbonato de calcio
Tablas1,C6,C200000.asd,Azurita,Almáciga,Carbonato de calcio
Tablas1,C6,C200001.asd,Azurita,Almáciga,Carbonato de calcio
Tablas1,C6,C200002.asd,Azurita,Almáciga,Carbonato de calcio
Tablas1,C6,C300000.asd,Azurita,Colofonia,Carbonato de calcio
Tablas1,C6,C300001.asd,Azurita,Colofonia,Carbonato de calcio
Tablas1,C6,C300002.asd,Azurita,Colofonia,Carbonato de calcio
Tablas1,C6,C400000.asd,Azurita,Sandaraca,Carbonato de calcio
Tablas1,C6,C400001.asd,Azurita,Sandaraca,Carbonato de calcio
Tablas1,C6,C400002.asd,Azurita,Sandaraca,Carbonato de calcio
Tablas1,C6,C500000.asd,Azurita,,Carbonato de calcio
Tablas1,C6,C500001.asd,Azurita,,Carbonato de calcio
Tablas1,C6,C500002.asd,Azurita,,Carbonato de calcio
Tablas2,C6,spectrum00011.asd.txt,Azurita,Copal,Carbonato de calcio
Tablas2,C6,spectrum00012.asd.txt,Azurita,Almáciga,Carbonato de calcio
Tablas2,C6,spectrum00013.asd.txt,Azurita,Colofonia,Carbonato de calcio
Tablas2,C6,spectrum00014.asd.txt,Azurita,Sandaraca,Carbonato de calcio
Tablas2,C6,spectrum00015.asd.txt,Azurita,,Carbonato de calcio
Tablas1,C6,D100000.asd,Amarillo de plomo estaño,Copal,Carbonato de calcio
Tablas1,C6,D100001.asd,Amarillo de plomo estaño,Copal,Carbonato de calcio
Tablas1,C6,D100002.asd,Amarillo de plomo estaño,Copal,Carbonato de calcio
Tablas1,C6,D200000.asd,Amarillo de plomo estaño,Almáciga,Carbonato de calcio
Tablas1,C6,D200001.asd,Amarillo de plomo estaño,Almáciga,Carbonato de calcio
Tablas1,C6,D200002.asd,Amarillo de plomo estaño,Almáciga,Carbonato de calcio
Tablas1,C6,D300000.asd,Amarillo de plomo estaño,Colofonia,Carbonato de calcio
Tablas1,C6,D300001.asd,Amarillo de plomo estaño,Colofonia,Carbonato de calcio
Tablas1,C6,D300002.asd,Amarillo de plomo estaño,Colofonia,Carbonato de calcio
Tablas1,C6,D400000.asd,Amarillo de plomo estaño,Sandaraca,Carbonato de calcio
Tablas1,C6,D400001.asd,Amarillo de plomo estaño,Sandaraca,Carbonato de calcio
Tablas1,C6,D400002.asd,Amarillo de plomo estaño,Sandaraca,Carbonato de calcio
Tablas1,C6,D500000.asd,Amarillo de plomo estaño,,Carbonato de calcio
Tablas1,C6,D500001.asd,Amarillo de plomo estaño,,Carbonato de calcio
Tablas1,C6,D500002.asd,Amarillo de plomo estaño,,Carbonato de calcio
Tablas2,C6,spectrum00016.asd.txt,Amarillo de plomo estaño,Copal,Carbonato de calcio
Tablas2,C6,spectrum00017.asd.txt,Amarillo de plomo estaño,Almáciga,Carbonato de calcio
Tablas2,C6,spectrum00018.asd.txt,Amarillo de plomo estaño,Colofonia,Carbonato de calcio
Tablas2,C6,spectrum00019.asd.txt,Amarillo de plomo estaño,Sandaraca,Carbonato de calcio
Tablas2,C6,spectrum00020.asd.txt,Amarillo de plomo estaño,,Carbonato de calcio
Tablas1,C6,E100000.asd,Blanco de plomo,Copal,Carbonato de calcio
Tablas1,C6,E100001.asd,Blanco de plomo,Copal,Carbonato de calcio
Tablas1,C6,E100002.asd,Blanco de plomo,Copal,Carbonato de calcio
Tablas1,C6,E200000.asd,Blanco de plomo,Almáciga,Carbonato de calcio
Tablas1,C6,E200001.asd,Blanco de plomo,Almáciga,Carbonato de calcio
Tablas1,C6,E200002.asd,Blanco de plomo,Almáciga,Carbonato de calcio
Tablas1,C6,E300000.asd,Blanco de plomo,Colofonia,Carbonato de calcio
Tablas1,C6,E300001.asd,Blanco de plomo,Colofonia,Carbonato de calcio
Tablas1,C6,E300002.asd,Blanco de plomo,Colofonia,Carbonato de calcio
Tablas1,C6,E400000.asd,Blanco de plomo,Sandaraca,Carbonato de calcio
Tablas1,C6,E400001.asd,Blanco de plomo,Sandaraca,Carbonato de calcio
Tablas1,C6,E400002.asd,Blanco de plomo,Sandaraca,Carbonato de calcio
Tablas1,C6,E500000.asd,Blanco de plomo,,Carbonato de calcio
Tablas1,C6,E500001.asd,Blanco de plomo,,Carbonato de calcio
Tablas2,C6,spectrum00021.asd.txt,Blanco de plomo,Copal,Carbonato de calcio
Tablas2,C6,spectrum00022.asd.txt,Blanco de plomo,Almáciga,Carbonato de calcio
Tablas2,C6,spectrum00023.asd.txt,Blanco de plomo,Colofonia,Carbonato de calcio
Tablas2,C6,spectrum00024.asd.txt,Blanco de plomo,Sandaraca,Carbonato de calcio
Tablas2,C6,spectrum00025.asd.txt,Blanco de plomo,,Carbonato de calcio
Tablas2,C7,TC7.001.txt,Ocre de mina ingles,,Carbonato de calcio
Tablas2,C7,TC7.002.txt,Rejalgar,,Carbonato de calcio
Tablas2,C7,TC7.003.txt,Amarillo de Plomo,,Carbonato de calcio
Tablas2,C7,TC7.004.txt,Gualda,,Carbonato de calcio
Tablas2,C7,TC7.005.txt,Arzica,,Carbonato de calcio
Tablas2,C7,TC7.006.txt,Pardo Antilope,,Carbonato de calcio
Tablas2,C7,TC7.007.txt,Sombra tostada,,Carbonato de calcio
Tablas2,C7,TC7.008.txt,Ocre oscuro,,Carbonato de calcio
Tablas2,C7,TC7.009.txt,Tierra de siena tostada,,Carbonato de calcio
Tablas2,C7,TC7.010.txt,Betun de Judea,,Carbonato de calcio
Tablas2,C7,TC7.011.txt,Cinabrio,,Carbonato de calcio
Tablas2,C7,TC7.012.txt,Almagre,,Carbonato de calcio
Tablas2,C7,TC7.013.txt,Minio,,Carbonato de calcio
Tablas2,C7,TC7.014.txt,Laca carmin,,Carbonato de calcio
Tablas2,C7,TC7.015.txt,Carmin de alizariona,,Carbonato de calcio
Tablas2,C7,TC7.016.txt,Laca rubia,,Carbonato de calcio
Tablas2,C7,TC7.017.txt,Azurita natural,,Carbonato de calcio
Tablas2,C7,TC7.018.txt,Esmalte,,Carbonato de calcio
Tablas2,C7,TC7.019.txt,Lapislazuli,,Carbonato de calcio
Tablas2,C7,TC7.020.txt,Azul anil,,Carbonato de calcio
Tablas2,C7,TC7.021.txt,Resinato de cobre,,Carbonato de calcio
Tablas2,C7,TC7.022.txt,Malaquita,,Carbonato de calcio
Tablas2,C7,TC7.023.txt,Tierra verde de bohemia,,Carbonato de calcio
Tablas2,C7,TC7.024.txt,Negro marfil o de huesos,,Carbonato de calcio
Tablas2,C7,TC7.025.txt,Negro de vid frances,,Carbonato de calcio
Tablas1,Y1,A100003.asd,Ocre de mina ingles,Aceite de linaza,Yeso
Tablas1,Y1,A100004.asd,Ocre de mina ingles,Aceite de linaza,Yeso
Tablas1,Y1,A100005.asd,Ocre de mina ingles,Aceite de linaza,Yeso
Tablas1,Y1,A200000.asd,Ocre de mina ingles,Yema de huevo,Yeso
Tablas1,Y1,A200001.asd,Ocre de mina ingles,Yema de huevo,Yeso
Tablas1,Y1,A200002.asd,Ocre de mina ingles,Yema de huevo,Yeso
Tablas1,Y1,A300000.asd,Ocre de mina ingles,Yema de huevo y aceite de linaza,Yeso
Tablas1,Y1,A300001.asd,Ocre de mina ingles,Yema de huevo y aceite de linaza,Yeso
Tablas1,Y1,A300002.asd,Ocre de mina ingles,Yema de huevo y aceite de linaza,Yeso
Tablas1,Y1,A400000.asd,Ocre de mina ingles,Cola de conejo,Yeso
Tablas1,Y1,A400001.asd,Ocre de mina ingles,Cola de conejo,Yeso
Tablas1,Y1,A400002.asd,Ocre de mina ingles,Cola de conejo,Yeso
Tablas1,Y1,A500000.asd,Ocre de mina ingles,Almáciga y aceite de linaza,Yeso
Tablas1,Y1,A500001.asd,Ocre de mina ingles,Almáciga y aceite de linaza,Yeso
Tablas1,Y1,A500002.asd,Ocre de mina ingles,Almáciga y aceite de linaza,Yeso
Tablas2,Y1,spectrum00001.asd.txt,Ocre de mina inglés,Aceite de linaza,Yeso
Tablas2,Y1,spectrum00002.asd.txt,Ocre de mina inglés,Yema de huevo,Yeso
Tablas2,Y1,spectrum00003.asd.txt,Ocre de mina inglés,Yema de huevo y aceite de linaza,Yeso
Tablas2,Y1,spectrum00004.asd.txt,Ocre de mina inglés,Cola de conejo,Yeso
Tablas2,Y1,spectrum00005.asd.txt,Ocre de mina inglés,Almáciga y aceite de linaza,Yeso
Tablas1,Y1,B100000.asd,Orpimente,Aceite de linaza,Yeso
Tablas1,Y1,B100001.asd,Orpimente,Aceite de linaza,Yeso
Tablas1,Y1,B100002.asd,Orpimente,Aceite de linaza,Yeso
Tablas1,Y1,B200000.asd,Orpimente,Yema de huevo,Yeso
Tablas1,Y1,B200001.asd,Orpimente,Yema de huevo,Yeso
Tablas1,Y1,B200002.asd,Orpimente,Yema de huevo,Yeso
Tablas1,Y1,B300000.asd,Orpimente,Yema de huevo y aceite de linaza,Yeso
Tablas1,Y1,B300001.asd,Orpimente,Yema de huevo y aceite de linaza,Yeso
Tablas1,Y1,B300002.asd,Orpimente,Yema de huevo y aceite de linaza,Yeso
Tablas1,Y1,B400000.asd,Orpimente,Cola de conejo,Yeso
Tablas1,Y1,B400001.asd,Orpimente,Cola de conejo,Yeso
Tablas1,Y1,B400002.asd,Orpimente,Cola de conejo,Yeso
Tablas1,Y1,B500000.asd,Orpimente,Almáciga y aceite de linaza,Yeso
Tablas1,Y1,B500001.asd,Orpimente,Almáciga y aceite de linaza,Yeso
Tablas1,Y1,B500002.asd,Orpimente,Almáciga y aceite de linaza,Yeso
Tablas2,Y1,spectrum00006.asd.txt,Oropimente,Aceite de linaza,Yeso
Tablas2,Y1,spectrum00007.asd.txt,Oropimente,Yema de huevo,Yeso
Tablas2,Y1,spectrum00008.asd.txt,Oropimente,Yema de huevo y aceite de linaza,Yeso
Tablas2,Y1,spectrum00009.asd.txt,Oropimente,Cola de conejo,Yeso
Tablas2,Y1,spectrum00010.asd.txt,Oropimente,Almáciga y aceite de linaza,Yeso
Tablas1,Y1,C100000.asd,Amarillo de plomo estano,Aceite de linaza,Yeso
Tablas1,Y1,C100001.asd,Amarillo de plomo estano,Aceite de linaza,Yeso
Tablas1,Y1,C100002.asd,Amarillo de plomo estano,Aceite de linaza,Yeso
Tablas1,Y1,C200000.asd,Amarillo de plomo estano,Yema de huevo,Yeso
Tablas1,Y1,C200001.asd,Amarillo de plomo estano,Yema de huevo,Yeso
Tablas1,Y1,C200002.asd,Amarillo de plomo estano,Yema de huevo,Yeso
Tablas1,Y1,C300000.asd,Amarillo de plomo estano,Yema de huevo y aceite de linaza,Yeso
Tablas1,Y1,C300001.asd,Amarillo de plomo estano,Yema de huevo y aceite de linaza,Yeso
Tablas1,Y1,C300002.asd,Amarillo de plomo estano,Yema de huevo y aceite de linaza,Yeso
Tablas1,Y1,C400000.asd,Amarillo de plomo estano,Cola de conejo,Yeso
Tablas1,Y1,C400001.asd,Amarillo de plomo estano,Cola de conejo,Yeso
Tablas1,Y1,C400002.asd,Amarillo de plomo estano,Cola de conejo,Yeso
Tablas1,Y1,C500000.asd,Amarillo de plomo estano,Almáciga y aceite de linaza,Yeso
Tablas1,Y1,C500001.asd,Amarillo de plomo estano,Almáciga y aceite de linaza,Yeso
Tablas1,Y1,C500002.asd,Amarillo de plomo estano,Almáciga y aceite de linaza,Yeso
Tablas2,Y1,spectrum00011.asd.txt,Amarillo de plomo estaño,Aceite de linaza,Yeso
Tablas2,Y1,spectrum00012.asd.txt,Amarillo de plomo estaño,Yema de huevo,Yeso
Tablas2,Y1,spectrum00013.asd.txt,Amarillo de plomo estaño,Yema de huevo y aceite de linaza,Yeso
Tablas2,Y1,spectrum00014.asd.txt,Amarillo de plomo estaño,Cola de conejo,Yeso
Tablas2,Y1,spectrum00015.asd.txt,Amarillo de plomo estaño,Almáciga y aceite de linaza,Yeso
Tablas1,Y1,D100000.asd,Gualda,Aceite de linaza,Yeso
Tablas1,Y1,D100001.asd,Gualda,Aceite de linaza,Yeso
Tablas1,Y1,D100002.asd,Gualda,Aceite de linaza,Yeso
Tablas1,Y1,D200000.asd,Gualda,Yema de huevo,Yeso
Tablas1,Y1,D200001.asd,Gualda,Yema de huevo,Yeso
Tablas1,Y1,D200002.asd,Gualda,Yema de huevo,Yeso
Tablas1,Y1,D300000.asd,Gualda,Yema de huevo y aceite de linaza,Yeso
Tablas1,Y1,D300001.asd,Gualda,Yema de huevo y aceite de linaza,Yeso
Tablas1,Y1,D300002.asd,Gualda,Yema de huevo y aceite de linaza,Yeso
Tablas1,Y1,D400000.asd,Gualda,Cola de conejo,Yeso
Tablas1,Y1,D400001.asd,Gualda,Cola de conejo,Yeso
Tablas1,Y1,D400002.asd,Gualda,Cola de conejo,Yeso
Tablas1,Y1,D500000.asd,Gualda,Almáciga y aceite de linaza,Yeso
Tablas1,Y1,D500001.asd,Gualda,Almáciga y aceite de linaza,Yeso
Tablas1,Y1,D500002.asd,Gualda,Almáciga y aceite de linaza,Yeso
Tablas2,Y1,spectrum00016.asd.txt,Gualda,Aceite de linaza,Yeso
Tablas2,Y1,spectrum00017.asd.txt,Gualda,Yema de huevo,Yeso
Tablas2,Y1,spectrum00018.asd.txt,Gualda,Yema de huevo y aceite de linaza,Yeso
Tablas2,Y1,spectrum00019.asd.txt,Gualda,Cola de conejo,Yeso
Tablas2,Y1,spectrum00020.asd.txt,Gualda,Almáciga y aceite de linaza,Yeso
Tablas1,Y1,E100000.asd,Ancorca o gualda Zecchi,Aceite de linaza,Yeso
Tablas1,Y1,E100001.asd,Ancorca o gualda Zecchi,Aceite de linaza,Yeso
Tablas1,Y1,E100002.asd,Ancorca o gualda Zecchi,Aceite de linaza,Yeso
Tablas1,Y1,E200000.asd,Ancorca o gualda Zecchi,Yema de huevo,Yeso
Tablas1,Y1,E200001.asd,Ancorca o gualda Zecchi,Yema de huevo,Yeso
Tablas1,Y1,E200002.asd,Ancorca o gualda Zecchi,Yema de huevo,Yeso
Tablas1,Y1,E300000.asd,Ancorca o gualda Zecchi,Yema de huevo y aceite de linaza,Yeso
Tablas1,Y1,E300001.asd,Ancorca o gualda Zecchi,Yema de huevo y aceite de linaza,Yeso
Tablas1,Y1,E300002.asd,Ancorca o gualda Zecchi,Yema de huevo y aceite de linaza,Yeso
Tablas1,Y1,E400000.asd,Ancorca o gualda Zecchi,Cola de conejo,Yeso
Tablas1,Y1,E400001.asd,Ancorca o gualda Zecchi,Cola de conejo,Yeso
Tablas1,Y1,E400002.asd,Ancorca o gualda Zecchi,Cola de conejo,Yeso
Tablas1,Y1,E500000.asd,Ancorca o gualda Zecchi,Almáciga y aceite de linaza,Yeso
Tablas1,Y1,E500001.asd,Ancorca o gualda Zecchi,Almáciga y aceite de linaza,Yeso
Tablas1,Y1,E500002.asd,Ancorca o gualda Zecchi,Almáciga y aceite de linaza,Yeso
Tablas2,Y1,spectrum00021.asd.txt,Ancorca o gualda Zecchi,Aceite de linaza,Yeso
Tablas2,Y1,spectrum00022.asd.txt,Ancorca o gualda Zecchi,Yema de huevo,Yeso
Tablas2,Y1,spectrum00023.asd.txt,Ancorca o gualda Zecchi,Yema de huevo y aceite de linaza,Yeso
Tablas2,Y1,spectrum00024.asd.txt,Ancorca o gualda Zecchi,Cola de conejo,Yeso
Tablas2,Y1,spectrum00025.asd.txt,Ancorca o gualda Zecchi,Almáciga y aceite de linaza,Yeso
Tablas2,Y3,1a.000.txt,Cinabrio,Aceite de linaza,Carbonato de calcio
Tablas2,Y3,1a.001.txt,Cinabrio,Aceite de linaza,Carbonato de calcio
Tablas2,Y3,1b.000.txt,Cinabrio,Yema de huevo,Carbonato de calcio
Tablas2,Y3,1b.001.txt,Cinabrio,Yema de huevo,Carbonato de calcio
Tablas2,Y3,1c.000.txt,Cinabrio,Yema de huevo y aceite de linaza,Carbonato de calcio
Tablas2,Y3,1c.001.txt,Cinabrio,Yema de huevo y aceite de linaza,Carbonato de calcio
Tablas2,Y3,1d.000.txt,Cinabrio,Cola de conejo,Carbonato de calcio
Tablas2,Y3,1d.001.txt,Cinabrio,Cola de conejo,Carbonato de calcio
Tablas2,Y3,1e.000.txt,Cinabrio,Almáciga y aceite de linaza,Carbonato de calcio
Tablas2,Y3,1e.001.txt,Cinabrio,Almáciga y aceite de linaza,Carbonato de calcio
Tablas2,Y3,2a.000.txt,Almagre,Aceite de linaza,Carbonato de calcio
Tablas2,Y3,2a.001.txt,Almagre,Aceite de linaza,Carbonato de calcio
Tablas2,Y3,2b.000.txt,Almagre,Yema de huevo,Carbonato de calcio
Tablas2,Y3,2b.001.txt,Almagre,Yema de huevo,Carbonato de calcio
Tablas2,Y3,2c.000.txt,Almagre,Yema de huevo y aceite de linaza,Carbonato de calcio
Tablas2,Y3,2c.001.txt,Almagre,Yema de huevo y aceite de linaza,Carbonato de calcio
Tablas2,Y3,2d.000.txt,Almagre,Cola de conejo,Carbonato de calcio
Tablas2,Y3,2d.001.txt,Almagre,Cola de conejo,Carbonato de calcio
Tablas2,Y3,2e.000.txt,Almagre,Almáciga y aceite de linaza,Carbonato de calcio
Tablas2,Y3,2e.001.txt,Almagre,Almáciga y aceite de linaza,Carbonato de calcio
Tablas2,Y3,3a.000.txt,Azarcon o minio,Aceite de linaza,Carbonato de calcio
Tablas2,Y3,3a.001.txt,Azarcon o minio,Aceite de linaza,Carbonato de calcio
Tablas2,Y3,3b.000.txt,Azarcon o minio,Yema de huevo,Carbonato de calcio
Tablas2,Y3,3b.001.txt,Azarcon o minio,Yema de huevo,Carbonato de calcio
Tablas2,Y3,3c.000.txt,Azarcon o minio,Yema de huevo y aceite de linaza,Carbonato de calcio
Tablas2,Y3,3c.001.txt,Azarcon o minio,Yema de huevo y aceite de linaza,Carbonato de calcio
Tablas2,Y3,3d.000.txt,Azarcon o minio,Cola de conejo,Carbonato de calcio
Tablas2,Y3,3d.001.txt,Azarcon o minio,Cola de conejo,Carbonato de calcio
Tablas2,Y3,3e.000.txt,Azarcon o minio,Almáciga y aceite de linaza,Carbonato de calcio
Tablas2,Y3,3e.001.txt,Azarcon o minio,Almáciga y aceite de linaza,Carbonato de calcio
Tablas2,Y3,4a.000.txt,Laca de cochinilla,Aceite de linaza,Carbonato de calcio
Tablas2,Y3,4a.001.txt,Laca de cochinilla,Aceite de linaza,Carbonato de calcio
Tablas2,Y3,4b.000.txt,Laca de cochinilla,Yema de huevo,Carbonato de calcio
Tablas2,Y3,4b.001.txt,Laca de cochinilla,Yema de huevo,Carbonato de calcio
Tablas2,Y3,4c.000.txt,Laca de cochinilla,Yema de huevo y aceite de linaza,Carbonato de calcio
Tablas2,Y3,4c.001.txt,Laca de cochinilla,Yema de huevo y aceite de linaza,Carbonato de calcio
Tablas2,Y3,4d.000.txt,Laca de cochinilla,Cola de conejo,Carbonato de calcio
Tablas2,Y3,4d.001.txt,Laca de cochinilla,Cola de conejo,Carbonato de calcio
Tablas2,Y3,4e.000.txt,Laca de cochinilla,Almáciga y aceite de linaza,Carbonato de calcio
Tablas2,Y3,4e.001.txt,Laca de cochinilla,Almáciga y aceite de linaza,Carbonato de calcio
Tablas2,Y3,5a.000.txt,Laca de alizarina,Aceite de linaza,Carbonato de calcio
Tablas2,Y3,5a.001.txt,Laca de alizarina,Aceite de linaza,Carbonato de calcio
Tablas2,Y3,5b.000.txt,Laca de alizarina,Yema de huevo,Carbonato de calcio
Tablas2,Y3,5b.001.txt,Laca de alizarina,Yema de huevo,Carbonato de calcio
Tablas2,Y3,5c.000.txt,Laca de alizarina,Yema de huevo y aceite de linaza,Carbonato de calcio
Tablas2,Y3,5c.001.txt,Laca de alizarina,Yema de huevo y aceite de linaza,Carbonato de calcio
Tablas2,Y3,5d.000.txt,Laca de alizarina,Cola de conejo,Carbonato de calcio
Tablas2,Y3,5d.001.txt,Laca de alizarina,Cola de conejo,Carbonato de calcio
Tablas2,Y3,5e.000.txt,Laca de alizarina,Almáciga y aceite de linaza,Carbonato de calcio
Tablas2,Y3,5e.001.txt,Laca de alizarina,Almáciga y aceite de linaza,Carbonato de calcio
Tablas1,Y4,Tablay400000.asd.txt,Ocre de mina ingles,Aceite de linaza,Yeso
Tablas1,Y4,Tablay400001.asd.txt,Ocre de mina ingles,Aceite de linaza,Yeso
Tablas1,Y4,Tablay400002.asd.txt,Ocre de mina ingles,Aceite de linaza,Yeso
Tablas1,Y4,Tablay400003.asd.txt,Ocre de mina ingles,Aceite de linaza,Yeso
Tablas1,Y4,Tablay400004.asd.txt,Ocre de mina ingles,Aceite de linaza,Yeso
Tablas1,Y4,Tablay400005.asd.txt,Oropimente,Aceite de linaza,Yeso
Tablas1,Y4,Tablay400006.asd.txt,Oropimente,Aceite de linaza,Yeso
Tablas1,Y4,Tablay400007.asd.txt,Oropimente,Aceite de linaza,Yeso
Tablas1,Y4,Tablay400008.asd.txt,Oropimente,Aceite de linaza,Yeso
Tablas1,Y4,Tablay400009.asd.txt,Oropimente,Aceite de linaza,Yeso
Tablas1,Y4,Tablay400010.asd.txt,Amarillo de plomo,Aceite de linaza,Yeso
Tablas1,Y4,Tablay400011.asd.txt,Amarillo de plomo,Aceite de linaza,Yeso
Tablas1,Y4,Tablay400012.asd.txt,Amarillo de plomo,Aceite de linaza,Yeso
Tablas1,Y4,Tablay400013.asd.txt,Amarillo de plomo,Aceite de linaza,Yeso
Tablas1,Y4,Tablay400014.asd.txt,Amarillo de plomo,Aceite de linaza,Yeso
Tablas1,Y4,Tablay400015.asd.txt,Gualda,Aceite de linaza,Yeso
Tablas1,Y4,Tablay400016.asd.txt,Gualda,Aceite de linaza,Yeso
Tablas1,Y4,Tablay400017.asd.txt,Gualda,Aceite de linaza,Yeso
Tablas1,Y4,Tablay400018.asd.txt,Gualda,Aceite de linaza,Yeso
Tablas1,Y4,Tablay400019.asd.txt,Gualda,Aceite de linaza,Yeso
Tablas1,Y4,Tablay400020.asd.txt,Arzica,Aceite de linaza,Yeso
Tablas1,Y4,Tablay400021.asd.txt,Arzica,Aceite de linaza,Yeso
Tablas1,Y4,Tablay400022.asd.txt,Arzica,Aceite de linaza,Yeso
Tablas1,Y4,Tablay400023.asd.txt,Arzica,Aceite de linaza,Yeso
Tablas1,Y4,Tablay400024.asd.txt,Arzica,Aceite de linaza,Yeso
Tablas1,Y4,Tablay400025.asd.txt,Pardo antilope,Aceite de linaza,Yeso
Tablas1,Y4,Tablay400026.asd.txt,Pardo antilope,Aceite de linaza,Yeso
Tablas1,Y4,Tablay400027.asd.txt,Pardo antilope,Aceite de linaza,Yeso
Tablas1,Y4,Tablay400028.asd.txt,Pardo antilope,Aceite de linaza,Yeso
Tablas1,Y4,Tablay400029.asd.txt,Pardo antilope,Aceite de linaza,Yeso
Tablas1,Y4,Tablay400030.asd.txt,Sombra tostada de Chipre,Aceite de linaza,Yeso
Tablas1,Y4,Tablay400031.asd.txt,Sombra tostada de Chipre,Aceite de linaza,Yeso
Tablas1,Y4,Tablay400032.asd.txt,Sombra tostada de Chipre,Aceite de linaza,Yeso
Tablas1,Y4,Tablay400033.asd.txt,Sombra tostada de Chipre,Aceite de linaza,Yeso
Tablas1,Y4,Tablay400034.asd.txt,Sombra tostada de Chipre,Aceite de linaza,Yeso
Tablas1,Y4,Tablay400035.asd.txt,Ocre aleman oscuro,Aceite de linaza,Yeso
Tablas1,Y4,Tablay400036.asd.txt,Ocre aleman oscuro,Aceite de linaza,Yeso
Tablas1,Y4,Tablay400037.asd.txt,Ocre aleman oscuro,Aceite de linaza,Yeso
Tablas1,Y4,Tablay400038.asd.txt,Ocre aleman oscuro,Aceite de linaza,Yeso
Tablas1,Y4,Tablay400039.asd.txt,Ocre aleman oscuro,Aceite de linaza,Yeso
Tablas1,Y4,Tablay400040.asd.txt,Tierra de Siena tostada oscura,Aceite de linaza,Yeso
Tablas1,Y4,Tablay400041.asd.txt,Tierra de Siena tostada oscura,Aceite de linaza,Yeso
Tablas1,Y4,Tablay400042.asd.txt,Tierra de Siena tostada oscura,Aceite de linaza,Yeso
Tablas1,Y4,Tablay400043.asd.txt,Tierra de Siena tostada oscura,Aceite de linaza,Yeso
Tablas1,Y4,Tablay400044.asd.txt,Tierra de Siena tostada oscura,Aceite de linaza,Yeso
Tablas1,Y4,Tablay400045.asd.txt,Betun de Judea,Aceite de linaza,Yeso
Tablas1,Y4,Tablay400046.asd.txt,Betun de Judea,Aceite de linaza,Yeso
Tablas1,Y4,Tablay400047.asd.txt,Betun de Judea,Aceite de linaza,Yeso
Tablas1,Y4,Tablay400048.asd.txt,Betun de Judea,Aceite de linaza,Yeso
Tablas1,Y4,Tablay400049.asd.txt,Betun de Judea,Aceite de linaza,Yeso
Tablas1,Y4,Tablay400050.asd.txt,Cinabrio,Aceite de linaza,Yeso
Tablas1,Y4,Tablay400051.asd.txt,Cinabrio,Aceite de linaza,Yeso
Tablas1,Y4,Tablay400052.asd.txt,Cinabrio,Aceite de linaza,Yeso
Tablas1,Y4,Tablay400053.asd.txt,Cinabrio,Aceite de linaza,Yeso
Tablas1,Y4,Tablay400054.asd.txt,Cinabrio,Aceite de linaza,Yeso
Tablas1,Y4,Tablay400055.asd.txt,Hematita natural,Aceite de linaza,Yeso
Tablas1,Y4,Tablay400056.asd.txt,Hematita natural,Aceite de linaza,Yeso
Tablas1,Y4,Tablay400057.asd.txt,Hematita natural,Aceite de linaza,Yeso
Tablas1,Y4,Tablay400058.asd.txt,Hematita natural,Aceite de linaza,Yeso
Tablas1,Y4,Tablay400059.asd.txt,Hematita natural,Aceite de linaza,Yeso
Tablas1,Y4,Tablay400060.asd.txt,Minio,Aceite de linaza,Yeso
Tablas1,Y4,Tablay400061.asd.txt,Minio,Aceite de linaza,Yeso
Tablas1,Y4,Tablay400062.asd.txt,Minio,Aceite de linaza,Yeso
Tablas1,Y4,Tablay400063.asd.txt,Minio,Aceite de linaza,Yeso
Tablas1,Y4,Tablay400064.asd.txt,Minio,Aceite de linaza,Yeso
Tablas1,Y4,Tablay400065.asd.txt,Cochinilla,Aceite de linaza,Yeso
Tablas1,Y4,Tablay400066.asd.txt,Cochinilla,Aceite de linaza,Yeso
Tablas1,Y4,Tablay400067.asd.txt,Cochinilla,Aceite de linaza,Yeso
Tablas1,Y4,Tablay400068.asd.txt,Cochinilla,Aceite de linaza,Yeso
Tablas1,Y4,Tablay400069.asd.txt,Cochinilla,Aceite de linaza,Yeso
Tablas1,Y4,Tablay400070.asd.txt,Carmin de alizarina,Aceite de linaza,Yeso
Tablas1,Y4,Tablay400071.asd.txt,Carmin de alizarina,Aceite de linaza,Yeso
Tablas1,Y4,Tablay400072.asd.txt,Carmin de alizarina,Aceite de linaza,Yeso
Tablas1,Y4,Tablay400073.asd.txt,Carmin de alizarina,Aceite de linaza,Yeso
Tablas1,Y4,Tablay400074.asd.txt,Carmin de alizarina,Aceite de linaza,Yeso
Tablas1,Y4,Tablay400075.asd.txt,Laca rubia,Aceite de linaza,Yeso
Tablas1,Y4,Tablay400076.asd.txt,Laca rubia,Aceite de linaza,Yeso
Tablas1,Y4,Tablay400077.asd.txt,Laca rubia,Aceite de linaza,Yeso
Tablas1,Y4,Tablay400078.asd.txt,Laca rubia,Aceite de linaza,Yeso
Tablas1,Y4,Tablay400079.asd.txt,Laca rubia,Aceite de linaza,Yeso
Tablas1,Y4,Tablay400080.asd.txt,Azurita natural,Aceite de linaza,Yeso
Tablas1,Y4,Tablay400081.asd.txt,Azurita natural,Aceite de linaza,Yeso
Tablas1,Y4,Tablay400082.asd.txt,Azurita natural,Aceite de linaza,Yeso
Tablas1,Y4,Tablay400083.asd.txt,Azurita natural,Aceite de linaza,Yeso
Tablas1,Y4,Tablay400084.asd.txt,Azurita natural,Aceite de linaza,Yeso
Tablas1,Y4,Tablay400085.asd.txt,Esmalte,Aceite de linaza,Yeso
Tablas1,Y4,Tablay400086.asd.txt,Esmalte,Aceite de linaza,Yeso
Tablas1,Y4,Tablay400087.asd.txt,Esmalte,Aceite de linaza,Yeso
Tablas1,Y4,Tablay400088.asd.txt,Esmalte,Aceite de linaza,Yeso
Tablas1,Y4,Tablay400089.asd.txt,Esmalte,Aceite de linaza,Yeso
Tablas1,Y4,Tablay400090.asd.txt,Lapislazuli,Aceite de linaza,Yeso
Tablas1,Y4,Tablay400091.asd.txt,Lapislazuli,Aceite de linaza,Yeso
Tablas1,Y4,Tablay400092.asd.txt,Lapislazuli,Aceite de linaza,Yeso
Tablas1,Y4,Tablay400093.asd.txt,Lapislazuli,Aceite de linaza,Yeso
Tablas1,Y4,Tablay400094.asd.txt,Lapislazuli,Aceite de linaza,Yeso
Tablas1,Y4,Tablay400095.asd.txt,Anil o Indigo,Aceite de linaza,Yeso
Tablas1,Y4,Tablay400096.asd.txt,Anil o Indigo,Aceite de linaza,Yeso
Tablas1,Y4,Tablay400097.asd.txt,Anil o Indigo,Aceite de linaza,Yeso
Tablas1,Y4,Tablay400098.asd.txt,Anil o Indigo,Aceite de linaza,Yeso
Tablas1,Y4,Tablay400099.asd.txt,Anil o Indigo,Aceite de linaza,Yeso
Tablas1,Y4,Tablay400100.asd.txt,Resinato de cobre,Aceite de linaza,Yeso
Tablas1,Y4,Tablay400101.asd.txt,Resinato de cobre,Aceite de linaza,Yeso
Tablas1,Y4,Tablay400102.asd.txt,Resinato de cobre,Aceite de linaza,Yeso
Tablas1,Y4,Tablay400103.asd.txt,Resinato de cobre,Aceite de linaza,Yeso
Tablas1,Y4,Tablay400104.asd.txt,Resinato de cobre,Aceite de linaza,Yeso
Tablas1,Y4,Tablay400105.asd.txt,Malaquita natural,Aceite de linaza,Yeso
Tablas1,Y4,Tablay400106.asd.txt,Malaquita natural,Aceite de linaza,Yeso
Tablas1,Y4,Tablay400107.asd.txt,Malaquita natural,Aceite de linaza,Yeso
Tablas1,Y4,Tablay400108.asd.txt,Malaquita natural,Aceite de linaza,Yeso
Tablas1,Y4,Tablay400109.asd.txt,Malaquita natural,Aceite de linaza,Yeso
Tablas1,Y4,Tablay400110.asd.txt,Terra verde,Aceite de linaza,Yeso
Tablas1,Y4,Tablay400111.asd.txt,Terra verde,Aceite de linaza,Yeso
Tablas1,Y4,Tablay400112.asd.txt,Terra verde,Aceite de linaza,Yeso
Tablas1,Y4,Tablay400113.asd.txt,Terra verde,Aceite de linaza,Yeso
Tablas1,Y4,Tablay400114.asd.txt,Terra verde,Aceite de linaza,Yeso
Tablas1,Y4,Tablay400115.asd.txt,Negro de huesos o marfil,Aceite de linaza,Yeso
Tablas1,Y4,Tablay400116.asd.txt,Negro de huesos o marfil,Aceite de linaza,Yeso
Tablas1,Y4,Tablay400117.asd.txt,Negro de huesos o marfil,Aceite de linaza,Yeso
Tablas1,Y4,Tablay400118.asd.txt,Negro de huesos o marfil,Aceite de linaza,Yeso
Tablas1,Y4,Tablay400119.asd.txt,Negro de huesos o marfil,Aceite de linaza,Yeso
Tablas1,Y4,Tablay400120.asd.txt,Negro de vid frances,Aceite de linaza,Yeso
Tablas1,Y4,Tablay400121.asd.txt,Negro de vid frances,Aceite de linaza,Yeso
Tablas1,Y4,Tablay400122.asd.txt,Negro de vid frances,Aceite de linaza,Yeso
Tablas1,Y4,Tablay400123.asd.txt,Negro de vid frances,Aceite de linaza,Yeso
Tablas1,Y4,Tablay400124.asd.txt,Negro de vid frances,Aceite de linaza,Yeso
Tablas2,Y4,spectrum00001.asd.txt,Ocre de mina ingles,Aceite de linaza,Yeso
Tablas2,Y4,spectrum00002.asd.txt,Oropimente,Aceite de linaza,Yeso
Tablas2,Y4,spectrum00003.asd.txt,Amarillo de plomo,Aceite de linaza,Yeso
Tablas2,Y4,spectrum00004.asd.txt,Gualda,,Yeso
Tablas2,Y4,spectrum00005.asd.txt,Arzica,,Yeso
Tablas2,Y4,spectrum00006.asd.txt,Pardo antilope,Aceite de linaza,Yeso
Tablas2,Y4,spectrum00007.asd.txt,Sombra tostada de Chipre,,Yeso
Tablas2,Y4,spectrum00008.asd.txt,Ocre aleman oscuro,Aceite de linaza,Yeso
Tablas2,Y4,spectrum00009.asd.txt,Tierra de Siena tostada oscura,,Yeso
Tablas2,Y4,spectrum00010.asd.txt,Betun de Judea,Aceite de linaza,Yeso
Tablas2,Y4,spectrum00011.asd.txt,Cinabrio,Aceite de linaza,Yeso
Tablas2,Y4,spectrum00012.asd.txt,Hematita natural,Aceite de linaza,Yeso
Tablas2,Y4,spectrum00013.asd.txt,Minio,Aceite de linaza,Yeso
Tablas2,Y4,spectrum00014.asd.txt,Cochinilla,Aceite de linaza,Yeso
Tablas2,Y4,spectrum00015.asd.txt,Carmin de alizarina,Aceite de linaza,Yeso
Tablas2,Y4,spectrum00016.asd.txt,Laca rubia,Aceite de linaza,Yeso
Tablas2,Y4,spectrum00017.asd.txt,Azurita	natural,Aceite de linaza,Yeso
Tablas2,Y4,spectrum00018.asd.txt,Esmalte,,Yeso
Tablas2,Y4,spectrum00019.asd.txt,Lapislazuli,Aceite de linaza,Yeso
Tablas2,Y4,spectrum00020.asd.txt,Anil o Indigo,Aceite de linaza,Yeso
Tablas2,Y4,spectrum00021.asd.txt,Resinato de cobre,,Yeso
Tablas2,Y4,spectrum00022.asd.txt,Malaquita natural,,Yeso
Tablas2,Y4,spectrum00023.asd.txt,Terra verde,Aceite de linaza,Yeso
Tablas2,Y4,spectrum00024.asd.txt,Negro de huesos o marfil,,Yeso
Tablas2,Y4,spectrum00025.asd.txt,Negro de vid frances,,Yeso
Tablas2,Y5,spectrum00001.asd.txt,Acetato basico de cobre,Aceite de linaza,Yeso
Tablas2,Y5,spectrum00002.asd.txt,Acetato basico de cobre,Aceite de nuez,Yeso
Tablas2,Y5,spectrum00003.asd.txt,Acetato basico de cobre,Yema de huevo y aceite de linaza,Yeso
Tablas2,Y5,spectrum00004.asd.txt,Acetato basico de cobre,Cola de conejo,Yeso
Tablas2,Y5,spectrum00005.asd.txt,Acetato basico de cobre,Almaciga y aceite de linaza,Yeso
Tablas2,Y5,spectrum00006.asd.txt,Malaquita africana,Aceite de linaza,Yeso
Tablas2,Y5,spectrum00007.asd.txt,Malaquita africana,Aceite de nuez,Yeso
Tablas2,Y5,spectrum00008.asd.txt,Malaquita africana,Yema de huevo y aceite de linaza,Yeso
Tablas2,Y5,spectrum00009.asd.txt,Malaquita africana,Cola de conejo,Yeso
Tablas2,Y5,spectrum00010.asd.txt,Malaquita africana,Almaciga y aceite de linaza,Yeso
Tablas2,Y5,spectrum00011.asd.txt,Tierra verde de Verona,Aceite de linaza,Yeso
Tablas2,Y5,spectrum00012.asd.txt,Tierra verde de Verona,Aceite de nuez,Yeso
Tablas2,Y5,spectrum00013.asd.txt,Tierra verde de Verona,Yema de huevo y aceite de linaza,Yeso
Tablas2,Y5,spectrum00014.asd.txt,Tierra verde de Verona,Cola de conejo,Yeso
Tablas2,Y5,spectrum00015.asd.txt,Tierra verde de Verona,Almaciga y aceite de linaza,Yeso
Tablas2,Y5,spectrum00016.asd.txt,Negro de huesos,Aceite de linaza,Yeso
Tablas2,Y5,spectrum00017.asd.txt,Negro de huesos,Aceite de nuez,Yeso
Tablas2,Y5,spectrum00018.asd.txt,Negro de huesos,Yema de huevo y aceite de linaza,Yeso
Tablas2,Y5,spectrum00019.asd.txt,Negro de huesos,Cola de conejo,Yeso
Tablas2,Y5,spectrum00020.asd.txt,Negro de huesos,Almaciga y aceite de linaza,Yeso
Tablas2,Y5,spectrum00021.asd.txt,Negro de humo,Aceite de linaza,Yeso
Tablas2,Y5,spectrum00022.asd.txt,Negro de humo,Aceite de nuez,Yeso
Tablas2,Y5,spectrum00023.asd.txt,Negro de humo,Yema de huevo y aceite de linaza,Yeso
Tablas2,Y5,spectrum00024.asd.txt,Negro de humo,Cola de conejo,Yeso
Tablas2,Y5,spectrum00025.asd.txt,Negro de humo,Almaciga y aceite de linaza,Yeso
Tablas1,Y6,A100000.asd,Rejalgar,Aceite de linaza,Yeso
Tablas1,Y6,A100001.asd,Rejalgar,Aceite de linaza,Yeso
Tablas1,Y6,A100002.asd,Rejalgar,Aceite de linaza,Yeso
Tablas1,Y6,A200000.asd,Rejalgar,Aceite de nuez,Yeso
Tablas1,Y6,A200001.asd,Rejalgar,Aceite de nuez,Yeso
Tablas1,Y6,A200002.asd,Rejalgar,Aceite de nuez,Yeso
Tablas1,Y6,A300000.asd,Rejalgar,Yema de huevo y aceite de linaza,Yeso
Tablas1,Y6,A300001.asd,Rejalgar,Yema de huevo y aceite de linaza,Yeso
Tablas1,Y6,A300002.asd,Rejalgar,Yema de huevo y aceite de linaza,Yeso
Tablas1,Y6,A400000.asd,Rejalgar,Cola de conejo,Yeso
Tablas1,Y6,A400001.asd,Rejalgar,Cola de conejo,Yeso
Tablas1,Y6,A400002.asd,Rejalgar,Cola de conejo,Yeso
Tablas1,Y6,A500000.asd,Rejalgar,"Barniz graso, almáciga y aceite de linaza",Yeso
Tablas1,Y6,A500001.asd,Rejalgar,"Barniz graso, almáciga y aceite de linaza",Yeso
Tablas1,Y6,A500002.asd,Rejalgar,"Barniz graso, almáciga y aceite de linaza",Yeso
Tablas1,Y6,B100000.asd,Azurita,Aceite de linaza,Yeso
Tablas1,Y6,B100001.asd,Azurita,Aceite de linaza,Yeso
Tablas1,Y6,B100002.asd,Azurita,Aceite de linaza,Yeso
Tablas1,Y6,B200000.asd,Azurita,Aceite de nuez,Yeso
Tablas1,Y6,B200001.asd,Azurita,Aceite de nuez,Yeso
Tablas1,Y6,B200002.asd,Azurita,Aceite de nuez,Yeso
Tablas1,Y6,B300000.asd,Azurita,Yema de huevo y aceite de linaza,Yeso
Tablas1,Y6,B300001.asd,Azurita,Yema de huevo y aceite de linaza,Yeso
Tablas1,Y6,B300002.asd,Azurita,Yema de huevo y aceite de linaza,Yeso
Tablas1,Y6,B400000.asd,Azurita,Cola de conejo,Yeso
Tablas1,Y6,B400001.asd,Azurita,Cola de conejo,Yeso
Tablas1,Y6,B400002.asd,Azurita,Cola de conejo,Yeso
Tablas1,Y6,B500000.asd,Azurita,"Barniz graso, almáciga y aceite de linaza",Yeso
Tablas1,Y6,B500001.asd,Azurita,"Barniz graso, almáciga y aceite de linaza",Yeso
Tablas1,Y6,B500002.asd,Azurita,"Barniz graso, almáciga y aceite de linaza",Yeso
Tablas1,Y6,C100000.asd,Esmalte,Aceite de linaza,Yeso
Tablas1,Y6,C100001.asd,Esmalte,Aceite de linaza,Yeso
Tablas1,Y6,C100002.asd,Esmalte,Aceite de linaza,Yeso
Tablas1,Y6,C200000.asd,Esmalte,Aceite de nuez,Yeso
Tablas1,Y6,C200001.asd,Esmalte,Aceite de nuez,Yeso
Tablas1,Y6,C200002.asd,Esmalte,Aceite de nuez,Yeso
Tablas1,Y6,C300000.asd,Esmalte,Yema de huevo y aceite de linaza,Yeso
Tablas1,Y6,C300001.asd,Esmalte,Yema de huevo y aceite de linaza,Yeso
Tablas1,Y6,C300002.asd,Esmalte,Yema de huevo y aceite de linaza,Yeso
Tablas1,Y6,C400000.asd,Esmalte,Cola de conejo,Yeso
Tablas1,Y6,C400001.asd,Esmalte,Cola de conejo,Yeso
Tablas1,Y6,C500000.asd,Esmalte,"Barniz graso, almáciga y aceite de linaza",Yeso
Tablas1,Y6,C500001.asd,Esmalte,"Barniz graso, almáciga y aceite de linaza",Yeso
Tablas1,Y6,C500002.asd,Esmalte,"Barniz graso, almáciga y aceite de linaza",Yeso
Tablas1,Y6,D100000.asd,Lapislazuli,Aceite de linaza,Yeso
Tablas1,Y6,D100001.asd,Lapislazuli,Aceite de linaza,Yeso
Tablas1,Y6,D100002.asd,Lapislazuli,Aceite de linaza,Yeso
Tablas1,Y6,D200000.asd,Lapislazuli,Aceite de nuez,Yeso
Tablas1,Y6,D200001.asd,Lapislazuli,Aceite de nuez,Yeso
Tablas1,Y6,D200002.asd,Lapislazuli,Aceite de nuez,Yeso
Tablas1,Y6,D300000.asd,Lapislazuli,Yema de huevo y aceite de linaza,Yeso
Tablas1,Y6,D300001.asd,Lapislazuli,Yema de huevo y aceite de linaza,Yeso
Tablas1,Y6,D300002.asd,Lapislazuli,Yema de huevo y aceite de linaza,Yeso
Tablas1,Y6,D400000.asd,Lapislazuli,Cola de conejo,Yeso
Tablas1,Y6,D400001.asd,Lapislazuli,Cola de conejo,Yeso
Tablas1,Y6,D400002.asd,Lapislazuli,Cola de conejo,Yeso
Tablas1,Y6,D500000.asd,Lapislazuli,"Barniz graso, almáciga y aceite de linaza",Yeso
Tablas1,Y6,D500001.asd,Lapislazuli,"Barniz graso, almáciga y aceite de linaza",Yeso
Tablas1,Y6,D500002.asd,Lapislazuli,"Barniz graso, almáciga y aceite de linaza",Yeso
Tablas1,Y6,E100000.asd,Indigo o añil,Aceite de linaza,Yeso
Tablas1,Y6,E100001.asd,Indigo o añil,Aceite de linaza,Yeso
Tablas1,Y6,E100002.asd,Indigo o añil,Aceite de linaza,Yeso
Tablas1,Y6,E200000.asd,Indigo o añil,Aceite de nuez,Yeso
Tablas1,Y6,E200001.asd,Indigo o añil,Aceite de nuez,Yeso
Tablas1,Y6,E200002.asd,Indigo o añil,Aceite de nuez,Yeso
Tablas1,Y6,E300000.asd,Indigo o añil,Yema de huevo y aceite de linaza,Yeso
Tablas1,Y6,E300001.asd,Indigo o añil,Yema de huevo y aceite de linaza,Yeso
Tablas1,Y6,E300002.asd,Indigo o añil,Yema de huevo y aceite de linaza,Yeso
Tablas1,Y6,E400000.asd,Indigo o añil,Cola de conejo,Yeso
Tablas1,Y6,E400001.asd,Indigo o añil,Cola de conejo,Yeso
Tablas1,Y6,E400002.asd,Indigo o añil,Cola de conejo,Yeso
Tablas1,Y6,E500000.asd,Indigo o añil,Almaciga y aceite de linaza,Yeso
Tablas1,Y6,E500001.asd,Indigo o añil,Almaciga y aceite de linaza,Yeso
Tablas1,Y6,E500002.asd,Indigo o añil,Almaciga y aceite de linaza,Yeso
Tablas1,Y7,A100003.asd,Resinato de cobre,,Yeso
Tablas1,Y7,A100004.asd,Resinato de cobre,,Yeso
Tablas1,Y7,A100005.asd,Resinato de cobre,,Yeso
Tablas1,Y7,A200000.asd,Amarillo de plomo (estaño. Tipo I),Aceite de linaza,Yeso
Tablas1,Y7,A200001.asd,Amarillo de plomo (estaño. Tipo I),Aceite de linaza,Yeso
Tablas1,Y7,A200002.asd,Amarillo de plomo (estaño. Tipo I),Aceite de linaza,Yeso
Tablas1,Y7,A300000.asd,Amarillo de plomo (estaño. Tipo II),,Yeso
Tablas1,Y7,A300001.asd,Amarillo de plomo (estaño. Tipo II),,Yeso
Tablas1,Y7,A300002.asd,Amarillo de plomo (estaño. Tipo II),,Yeso
Tablas1,Y7,A400000.asd,Ancorca. Sennelier,Aceite de linaza,Yeso
Tablas1,Y7,A400001.asd,Ancorca. Sennelier,Aceite de linaza,Yeso
Tablas1,Y7,A400002.asd,Ancorca. Sennelier,Aceite de linaza,Yeso
Tablas1,Y7,A500000.asd,Ancorca. Zeechi,Aceite de linaza,Yeso
Tablas1,Y7,A500001.asd,Ancorca. Zeechi,Aceite de linaza,Yeso
Tablas1,Y7,A500002.asd,Ancorca. Zeechi,Aceite de linaza,Yeso
Tablas1,Y7,B100000.asd,Tierra de Sombra,,Yeso
Tablas1,Y7,B100001.asd,Tierra de Sombra,,Yeso
Tablas1,Y7,B100002.asd,Tierra de Sombra,,Yeso
Tablas1,Y7,B200000.asd,Sombra tostada de Chipre,Aceite de linaza,Yeso
Tablas1,Y7,B200001.asd,Sombra tostada de Chipre,Aceite de linaza,Yeso
Tablas1,Y7,B200002.asd,Sombra tostada de Chipre,Aceite de linaza,Yeso
Tablas1,Y7,B300000.asd,Siena,Aceite de linaza,Yeso
Tablas1,Y7,B300001.asd,Siena,Aceite de linaza,Yeso
Tablas1,Y7,B300002.asd,Siena,Aceite de linaza,Yeso
Tablas1,Y7,B400000.asd,Siena tostada,Aceite de linaza,Yeso
Tablas1,Y7,B400001.asd,Siena tostada,Aceite de linaza,Yeso
Tablas1,Y7,B400002.asd,Siena tostada,Aceite de linaza,Yeso
Tablas1,Y7,B500000.asd,Espalto,,Yeso
Tablas1,Y7,B500001.asd,Espalto,,Yeso
Tablas1,Y7,B500002.asd,Espalto,,Yeso
Tablas1,Y7,C100000.asd,Cinabrio,Aceite de linaza,Yeso
Tablas1,Y7,C100001.asd,Cinabrio,Aceite de linaza,Yeso
Tablas1,Y7,C100002.asd,Cinabrio,Aceite de linaza,Yeso
Tablas1,Y7,C200000.asd,Almagre,Aceite de linaza,Yeso
Tablas1,Y7,C200001.asd,Almagre,Aceite de linaza,Yeso
Tablas1,Y7,C200002.asd,Almagre,Aceite de linaza,Yeso
Tablas1,Y7,C300000.asd,Azarcón o Minio,Aceite de linaza,Yeso
Tablas1,Y7,C300001.asd,Azarcón o Minio,Aceite de linaza,Yeso
Tablas1,Y7,C300002.asd,Azarcón o Minio,Aceite de linaza,Yeso
Tablas1,Y7,C400000.asd,Cochinilla. Tlapanocheztli,Aceite de linaza,Yeso
Tablas1,Y7,C400001.asd,Cochinilla. Tlapanocheztli,Aceite de linaza,Yeso
Tablas1,Y7,C400002.asd,Cochinilla. Tlapanocheztli,Aceite de linaza,Yeso
Tablas1,Y7,C500000.asd,Alizarina. Zeechi,,Yeso
Tablas1,Y7,C500001.asd,Alizarina. Zeechi,,Yeso
Tablas1,Y7,C500002.asd,Alizarina. Zeechi,,Yeso
Tablas1,Y7,D100000.asd,Laca rubia,Aceite de linaza,Yeso
Tablas1,Y7,D100001.asd,Laca rubia,Aceite de linaza,Yeso
Tablas1,Y7,D100002.asd,Laca rubia,Aceite de linaza,Yeso
Tablas1,Y7,D200000.asd,Azurita,Aceite de linaza,Yeso
Tablas1,Y7,D200001.asd,Azurita,Aceite de linaza,Yeso
Tablas1,Y7,D200002.asd,Azurita,Aceite de linaza,Yeso
Tablas1,Y7,D300000.asd,Esmalte,,Yeso
Tablas1,Y7,D300001.asd,Esmalte,,Yeso
Tablas1,Y7,D300002.asd,Esmalte,,Yeso
Tablas1,Y7,D400000.asd,Lapislazuli,Aceite de linaza,Yeso
Tablas1,Y7,D400001.asd,Lapislazuli,Aceite de linaza,Yeso
Tablas1,Y7,D400002.asd,Lapislazuli,Aceite de linaza,Yeso
Tablas1,Y7,D500000.asd,Indigo,,Yeso
Tablas1,Y7,D500001.asd,Indigo,,Yeso
Tablas1,Y7,D500002.asd,Indigo,,Yeso
Tablas1,Y7,E100000.asd,Resinato de cobre,,Yeso
Tablas1,Y7,E100001.asd,Resinato de cobre,,Yeso
Tablas1,Y7,E100002.asd,Resinato de cobre,,Yeso
Tablas1,Y7,E200000.asd,Malaquita africana,,Yeso
Tablas1,Y7,E200001.asd,Malaquita africana,,Yeso
Tablas1,Y7,E200002.asd,Malaquita africana,,Yeso
Tablas1,Y7,E300000.asd,Tierra verde de bohemia,Aceite de linaza,Yeso
Tablas1,Y7,E300001.asd,Tierra verde de bohemia,Aceite de linaza,Yeso
Tablas1,Y7,E300002.asd,Tierra verde de bohemia,Aceite de linaza,Yeso
Tablas1,Y7,E400000.asd,Negro de huesos,Aceite de linaza,Yeso
Tablas1,Y7,E400001.asd,Negro de huesos,Aceite de linaza,Yeso
Tablas1,Y7,E400002.asd,Negro de huesos,Aceite de linaza,Yeso
Tablas1,Y7,E500000.asd,Negro de humo,,Yeso
Tablas1,Y7,E500001.asd,Negro de humo,,Yeso
Tablas1,Y7,E500002.asd,Negro de humo,,Yeso
Tablas2,Y7,Y7.001.txt,Resinato de cobre,,Yeso
Tablas2,Y7,Y7.002.txt,Amarillo de plomo (estaño. Tipo I),,Yeso
Tablas2,Y7,Y7.003.txt,Amarillo de plomo (estaño. Tipo II),,Yeso
Tablas2,Y7,Y7.004.txt,Ancorca. Sennelier,,Yeso
Tablas2,Y7,Y7.005.txt,Ancorca. Zeechi,,Yeso
Tablas2,Y7,Y7.006.txt,Tierra de Sombra,,Yeso
Tablas2,Y7,Y7.007.txt,Sombra tostada de Chipre,,Yeso
Tablas2,Y7,Y7.008.txt,Siena,,Yeso
Tablas2,Y7,Y7.009.txt,Siena tostada,,Yeso
Tablas2,Y7,Y7.010.txt,Espalto,,Yeso
Tablas2,Y7,Y7.011.txt,Cinabrio,,Yeso
Tablas2,Y7,Y7.012.txt,Almagre,,Yeso
Tablas2,Y7,Y7.013.txt,Azarcón o minio,,Yeso
Tablas2,Y7,Y7.014.txt,Cochinilla. Tlapanocheztli,,Yeso
Tablas2,Y7,Y7.015.txt,Alizarina,,Yeso
Tablas2,Y7,Y7.016.txt,Laca rubia,,Yeso
Tablas2,Y7,Y7.017.txt,Azurita,,Yeso
Tablas2,Y7,Y7.018.txt,Esmalte,,Yeso
Tablas2,Y7,Y7.019.txt,Lapislazuli,,Yeso
Tablas2,Y7,Y7.020.txt,Indigo,,Yeso
Tablas2,Y7,Y7.021.txt,Resinato de cobre,,Yeso
Tablas2,Y7,Y7.022.txt,Malaquita africana,,Yeso
Tablas2,Y7,Y7.023.txt,Tierra verde de bohemia,,Yeso
Tablas2,Y7,Y7.024.txt,Negro de huesos,,Yeso
Tablas2,Y7,Y7.025.txt,Negro de humo,,Yeso
